dest,pol,prod,mean,sd,mean_percap,sd_percap
Incineration,LDPE,Pre-consumer processes,4.97147702590253e-4,3.717713731313459e-4,0.008335601931833978,0.0062334355764454745
Landfill,LDPE,Pre-consumer processes,4.439509047371438e-4,3.3376988803380424e-4,0.007443659097458195,0.005596270301535807
Sludge amended soil,LDPE,Pre-consumer processes,0,0,0,0
Sludge amended soil (MP),LDPE,Pre-consumer processes,0.003983126395319525,0.002736046352000615,0.06678449061028668,0.04587488414106326
Release,LDPE,Pre-consumer processes,0.07651497903723463,0.03165357333201556,1.2829153262781545,0.5307307780787689
Incineration,HDPE,Pre-consumer processes,5.702290571083313e-4,3.8604322308322223e-4,0.00956094618411149,0.00647272957179107
Landfill,HDPE,Pre-consumer processes,5.093251507457734e-4,3.4649140730102823e-4,0.008539779402314264,0.005809570131802014
Sludge amended soil,HDPE,Pre-consumer processes,0,0,0,0
Sludge amended soil (MP),HDPE,Pre-consumer processes,0.004577265005048492,0.0027943710715815306,0.07674632472363016,0.04685280607991421
Release,HDPE,Pre-consumer processes,0.0814907872399101,0.03471278050142573,1.3663439657962608,0.5820240518047727
Incineration,PP,Pre-consumer processes,0.0030789180382126565,0.00179821999103012,0.051623762945227934,0.030150488382015554
Landfill,PP,Pre-consumer processes,0.0027478863401220995,0.0016090716898982623,0.046073403469110284,0.02697906681835742
Sludge amended soil,PP,Pre-consumer processes,0,0,0,0
Sludge amended soil (MP),PP,Pre-consumer processes,0.024698303983428257,0.012680357890254047,0.414112806565595,0.21260968355206109
Release,PP,Pre-consumer processes,0.14201237894789862,0.05347302766183027,2.3811005343779925,0.8965743386856859
Incineration,PS,Pre-consumer processes,2.166455434240668e-4,1.63197238857288e-4,0.00363246375449363,0.0027363039442826775
Landfill,PS,Pre-consumer processes,1.9170642254343843e-4,1.45482566883845e-4,0.0032143132066630936,0.002439284661775122
Sludge amended soil,PS,Pre-consumer processes,0,0,0,0
Sludge amended soil (MP),PS,Pre-consumer processes,0.001723823403273469,0.0011966758541543535,0.028903091808733364,0.020064486891312194
Release,PS,Pre-consumer processes,0.033060211984788014,0.013607183040387626,0.5543156801317234,0.22814962363761992
Incineration,EPS,Pre-consumer processes,6.563328496856386e-5,4.549871820504771e-5,0.0011004635727492893,7.628702725365891e-4
Landfill,EPS,Pre-consumer processes,5.847382148423808e-5,4.077068846881039e-5,9.80421908390986e-4,6.835960978842511e-4
Sludge amended soil,EPS,Pre-consumer processes,0,0,0,0
Sludge amended soil (MP),EPS,Pre-consumer processes,5.274599846211717e-4,3.320064061550051e-4,0.008843843477231347,0.005566702261938956
Release,EPS,Pre-consumer processes,0.017051368379573963,0.009942030346461447,0.28589776934428535,0.1666965510059281
Incineration,PVC,Pre-consumer processes,1.8689556555452188e-4,1.32708434764743e-4,0.003133650279726788,0.002225102679610257
Landfill,PVC,Pre-consumer processes,1.649816854657514e-4,1.1597256963545857e-4,0.002766223496398202,0.0019444949065566333
Sludge amended soil,PVC,Pre-consumer processes,0,0,0,0
Sludge amended soil (MP),PVC,Pre-consumer processes,0.0014919952831773731,9.5888433994157e-4,0.025016064038800863,0.01607747177504307
Release,PVC,Pre-consumer processes,0.04435716091951113,0.024398386179364538,0.7437299505255658,0.40908412914454007
Incineration,PET,Pre-consumer processes,0.002152691697150321,0.0015329119467701368,0.0360938630027192,0.025702107679978353
Landfill,PET,Pre-consumer processes,0.0019085612325688288,0.001355681905007771,0.03200056364403297,0.022730517806795348
Sludge amended soil,PET,Pre-consumer processes,0,0,0,0
Sludge amended soil (MP),PET,Pre-consumer processes,0.017216688528186388,0.01119042729552687,0.2886696678021579,0.1876282378388492
Release,PET,Pre-consumer processes,0.04702406951693582,0.02132061559241973,0.7884456121707731,0.35747960534485207
Incineration,LDPE,ConsumerFilms,0,0,0,0
Landfill,LDPE,ConsumerFilms,5.144253325969068e-4,8.108027523839249e-4,0.008625293396383854,0.01359460971838806
Sludge amended soil,LDPE,ConsumerFilms,0.004632355468441769,0.007020555077231059,0.07767001836778066,0.11771260766047718
Sludge amended soil (MP),LDPE,ConsumerFilms,0,0,0,0
Release,LDPE,ConsumerFilms,0.7411938098696417,0.5528697758748525,12.427486884124045,9.269885685529049
Incineration,HDPE,ConsumerFilms,0,0,0,0
Landfill,HDPE,ConsumerFilms,6.181883735430003e-4,0.0010133713093041583,0.010365072942898412,0.016991046724121946
Sludge amended soil,HDPE,ConsumerFilms,0.005595388758729654,0.008818669442383943,0.09381705497907186,0.14786132502904592
Sludge amended soil (MP),HDPE,ConsumerFilms,0,0,0,0
Release,HDPE,ConsumerFilms,0.7321277781366552,0.6290531851716937,12.275478072187855,10.547241631055446
Incineration,PP,ConsumerFilms,0,0,0,0
Landfill,PP,ConsumerFilms,0.0014718475137507972,0.0023778144534384693,0.024678249371491157,0.03986846293034254
Sludge amended soil,PP,ConsumerFilms,0.013214869039040667,0.020634234857658442,0.2215717528550037,0.3459711611765696
Sludge amended soil (MP),PP,ConsumerFilms,0,0,0,0
Release,PP,ConsumerFilms,1.8292768622577162,1.516229525582068,30.671214344245,25.422395993575275
Incineration,PS,ConsumerFilms,0,0,0,0
Landfill,PS,ConsumerFilms,6.956640190817756e-5,1.1180077242482883e-4,0.001166409562219131,0.0018745470003167731
Sludge amended soil,PS,ConsumerFilms,6.291127928669441e-4,9.841908266807172e-4,0.010548241064457415,0.016501781891838735
Sludge amended soil (MP),PS,ConsumerFilms,0,0,0,0
Release,PS,ConsumerFilms,0.08328086072079165,0.06680290862814747,1.3963578628486204,1.1200744794990272
Incineration,EPS,ConsumerFilms,0,0,0,0
Landfill,EPS,ConsumerFilms,0,0,0,0
Sludge amended soil,EPS,ConsumerFilms,0,0,0,0
Sludge amended soil (MP),EPS,ConsumerFilms,0,0,0,0
Release,EPS,ConsumerFilms,0,0,0,0
Incineration,PVC,ConsumerFilms,0,0,0,0
Landfill,PVC,ConsumerFilms,1.4812231218486475e-4,2.3466504934533316e-4,0.002483544880450748,0.003934594142676875
Sludge amended soil,PVC,ConsumerFilms,0.001338193714962684,0.002042274666814535,0.022437295913252265,0.034242517001160926
Sludge amended soil (MP),PVC,ConsumerFilms,0,0,0,0
Release,PVC,ConsumerFilms,0.1819167042619857,0.1481653030965999,3.050170449502965,2.4842657027034587
Incineration,PET,ConsumerFilms,0,0,0,0
Landfill,PET,ConsumerFilms,1.6669593274421597e-4,2.5453496359263575e-4,0.002794966026739909,0.004267750053329249
Sludge amended soil,PET,ConsumerFilms,0.0015095012551572485,0.0022826034289379796,0.025309584079412112,0.038272073777535186
Sludge amended soil (MP),PET,ConsumerFilms,0,0,0,0
Release,PET,ConsumerFilms,0.20580892650551633,0.1691164822394131,3.4507678028676336,2.8355510217889455
Incineration,LDPE,ConsumerBags,0,0,0,0
Landfill,LDPE,ConsumerBags,5.608786951853151e-5,9.014433550328798e-5,9.404170049971172e-4,0.0015114367284613686
Sludge amended soil,LDPE,ConsumerBags,5.077390815838394e-4,8.054950873842099e-4,0.008513186015477002,0.013505616885081907
Sludge amended soil (MP),LDPE,ConsumerBags,0,0,0,0
Release,LDPE,ConsumerBags,0.07455408116988407,0.05816077719381151,1.2500372420266255,0.9751731411163235
Incineration,HDPE,ConsumerBags,0,0,0,0
Landfill,HDPE,ConsumerBags,1.335479431312517e-4,2.1642835803663615e-4,0.0022391785921111107,0.0036288222392545965
Sludge amended soil,HDPE,ConsumerBags,0.0012075209667292731,0.001875892064050946,0.020246325288350842,0.03145280453182097
Sludge amended soil (MP),HDPE,ConsumerBags,0,0,0,0
Release,HDPE,ConsumerBags,0.16117126755487113,0.1326028027458675,2.7023347833788303,2.223331563187483
Incineration,PP,ConsumerBags,0,0,0,0
Landfill,PP,ConsumerBags,0,0,0,0
Sludge amended soil,PP,ConsumerBags,0,0,0,0
Sludge amended soil (MP),PP,ConsumerBags,0,0,0,0
Release,PP,ConsumerBags,0,0,0,0
Incineration,PS,ConsumerBags,0,0,0,0
Landfill,PS,ConsumerBags,0,0,0,0
Sludge amended soil,PS,ConsumerBags,0,0,0,0
Sludge amended soil (MP),PS,ConsumerBags,0,0,0,0
Release,PS,ConsumerBags,0,0,0,0
Incineration,EPS,ConsumerBags,0,0,0,0
Landfill,EPS,ConsumerBags,0,0,0,0
Sludge amended soil,EPS,ConsumerBags,0,0,0,0
Sludge amended soil (MP),EPS,ConsumerBags,0,0,0,0
Release,EPS,ConsumerBags,0,0,0,0
Incineration,PVC,ConsumerBags,0,0,0,0
Landfill,PVC,ConsumerBags,0,0,0,0
Sludge amended soil,PVC,ConsumerBags,0,0,0,0
Sludge amended soil (MP),PVC,ConsumerBags,0,0,0,0
Release,PVC,ConsumerBags,0,0,0,0
Incineration,PET,ConsumerBags,0,0,0,0
Landfill,PET,ConsumerBags,0,0,0,0
Sludge amended soil,PET,ConsumerBags,0,0,0,0
Sludge amended soil (MP),PET,ConsumerBags,0,0,0,0
Release,PET,ConsumerBags,0,0,0,0
Incineration,LDPE,ConsumerBottles,0,0,0,0
Landfill,LDPE,ConsumerBottles,0,0,0,0
Sludge amended soil,LDPE,ConsumerBottles,0,0,0,0
Sludge amended soil (MP),LDPE,ConsumerBottles,0,0,0,0
Release,LDPE,ConsumerBottles,0,0,0,0
Incineration,HDPE,ConsumerBottles,0,0,0,0
Landfill,HDPE,ConsumerBottles,7.324470647268318e-5,1.0005284444568076e-4,0.001228083150317832,0.0016775712310477693
Sludge amended soil,HDPE,ConsumerBottles,6.619689970285924e-4,8.720446004692038e-4,0.01109913617561977,0.014621442719021424
Sludge amended soil (MP),HDPE,ConsumerBottles,0,0,0,0
Release,HDPE,ConsumerBottles,0.41079415418472714,0.30448019709280066,6.8877247694545645,5.1051743895591715
Incineration,PP,ConsumerBottles,0,0,0,0
Landfill,PP,ConsumerBottles,1.0077359082429395e-5,1.3656424234357331e-5,1.6896558788790438e-4,2.2897524344726828e-4
Sludge amended soil,PP,ConsumerBottles,9.060887962952393e-5,1.1796346452547125e-4,0.0015192256710550873,0.001977875946446394
Sludge amended soil (MP),PP,ConsumerBottles,0,0,0,0
Release,PP,ConsumerBottles,0.057545543256067803,0.042696726200142546,0.9648576047610985,0.7158896873958367
Incineration,PS,ConsumerBottles,0,0,0,0
Landfill,PS,ConsumerBottles,0,0,0,0
Sludge amended soil,PS,ConsumerBottles,0,0,0,0
Sludge amended soil (MP),PS,ConsumerBottles,0,0,0,0
Release,PS,ConsumerBottles,0,0,0,0
Incineration,EPS,ConsumerBottles,0,0,0,0
Landfill,EPS,ConsumerBottles,0,0,0,0
Sludge amended soil,EPS,ConsumerBottles,0,0,0,0
Sludge amended soil (MP),EPS,ConsumerBottles,0,0,0,0
Release,EPS,ConsumerBottles,0,0,0,0
Incineration,PVC,ConsumerBottles,0,0,0,0
Landfill,PVC,ConsumerBottles,0,0,0,0
Sludge amended soil,PVC,ConsumerBottles,0,0,0,0
Sludge amended soil (MP),PVC,ConsumerBottles,0,0,0,0
Release,PVC,ConsumerBottles,0,0,0,0
Incineration,PET,ConsumerBottles,0,0,0,0
Landfill,PET,ConsumerBottles,0.004712170516177438,0.0073282512648034735,0.07900826545738494,0.12287170408631445
Sludge amended soil,PET,ConsumerBottles,0.04264883813529085,0.06479605819490918,0.7150867553017934,1.0864259153780533
Sludge amended soil (MP),PET,ConsumerBottles,0,0,0,0
Release,PET,ConsumerBottles,5.272246144011059,4.565252056806968,88.39897059595594,76.54490539885538
Incineration,LDPE,ConsumerOther,0,0,0,0
Landfill,LDPE,ConsumerOther,9.044584036259543e-6,1.2254475176645515e-5,1.5164920158027486e-4,2.0546897114045033e-4
Sludge amended soil,LDPE,ConsumerOther,8.144492561316347e-5,1.0515490345306661e-4,0.0013655750106899324,0.0017631166991183488
Sludge amended soil (MP),LDPE,ConsumerOther,0,0,0,0
Release,LDPE,ConsumerOther,0.05071186536241725,0.037565658493027655,0.850278339172511,0.6298578347513338
Incineration,HDPE,ConsumerOther,0,0,0,0
Landfill,HDPE,ConsumerOther,2.4123779649000993e-4,3.7841858697206307e-4,0.004044798421025477,0.006344888426862574
Sludge amended soil,HDPE,ConsumerOther,0.002187770893150225,0.00332078010648662,0.03668203068894299,0.055679028438838075
Sludge amended soil (MP),HDPE,ConsumerOther,0,0,0,0
Release,HDPE,ConsumerOther,0.3244105851995286,0.2574593869156768,5.43934425646001,4.3167834262565155
Incineration,PP,ConsumerOther,0,0,0,0
Landfill,PP,ConsumerOther,6.476734047769099e-4,0.0010080279988091219,0.010859444096648123,0.016901456228072678
Sludge amended soil,PP,ConsumerOther,0.005825014746781273,0.008764866528876295,0.09766715992701713,0.14695921954321955
Sludge amended soil (MP),PP,ConsumerOther,0,0,0,0
Release,PP,ConsumerOther,1.0883945087693376,0.7702868860004157,18.24894960315775,12.915286184684321
Incineration,PS,ConsumerOther,0,0,0,0
Landfill,PS,ConsumerOther,2.720012550388933e-4,4.2905923345689056e-4,0.004560604776307614,0.007193972649657744
Sludge amended soil,PS,ConsumerOther,0.0024454426728778775,0.0036945096953634226,0.04100237527403537,0.06194529712879435
Sludge amended soil (MP),PS,ConsumerOther,0,0,0,0
Release,PS,ConsumerOther,0.4374506448207702,0.3116346160654972,7.33467020173558,5.2251314733377745
Incineration,EPS,ConsumerOther,0,0,0,0
Landfill,EPS,ConsumerOther,6.282507269628647e-6,8.673639708577598e-6,1.0533786933063519e-4,1.4542963295244407e-4
Sludge amended soil,EPS,ConsumerOther,5.6149364180451096e-5,7.277838360889817e-5,9.41448076889884e-4,0.001220264383894952
Sludge amended soil (MP),EPS,ConsumerOther,0,0,0,0
Release,EPS,ConsumerOther,0.03455886378618899,0.025271837316970157,0.5794433530261517,0.4237291550635047
Incineration,PVC,ConsumerOther,0,0,0,0
Landfill,PVC,ConsumerOther,9.928847747050422e-5,1.5632616234270583e-4,0.0016647552031314882,0.002621097621553403
Sludge amended soil,PVC,ConsumerOther,8.936243273299921e-4,0.001334739899963923,0.01498326680464431,0.02237938630846908
Sludge amended soil (MP),PVC,ConsumerOther,0,0,0,0
Release,PVC,ConsumerOther,0.14748110588857233,0.1103537064580595,2.472793869404672,1.8502842594748725
Incineration,PET,ConsumerOther,0,0,0,0
Landfill,PET,ConsumerOther,5.058492573671207e-4,7.847932827564148e-4,0.00848149961260391,0.013158512791572452
Sludge amended soil,PET,ConsumerOther,0.0045717336558109035,0.006881607448613603,0.07665358140982169,0.11538289334118564
Sludge amended soil (MP),PET,ConsumerOther,0,0,0,0
Release,PET,ConsumerOther,0.7353816395401277,0.5499607038806665,12.330035084639867,9.221109706060092
Incineration,LDPE,AgriculturalPackagingFilms,0,0,0,0
Landfill,LDPE,AgriculturalPackagingFilms,7.82920416293339e-6,1.043426343722429e-5,1.3127110716844268e-4,1.7494975036880855e-4
Sludge amended soil,LDPE,AgriculturalPackagingFilms,7.033465804138365e-5,8.932401467653196e-5,0.0011792907990723447,0.0014976825305990347
Sludge amended soil (MP),LDPE,AgriculturalPackagingFilms,0,0,0,0
Release,LDPE,AgriculturalPackagingFilms,0.06363044707618233,0.03848428809566246,1.0668822863068461,0.6452603613052454
Incineration,HDPE,AgriculturalPackagingFilms,0,0,0,0
Landfill,HDPE,AgriculturalPackagingFilms,5.7342547558883016e-8,7.785629367180742e-8,9.614540059577827e-7,1.30540495018849e-6
Sludge amended soil,HDPE,AgriculturalPackagingFilms,5.180287062808876e-7,6.760217465046995e-7,8.685710629501523e-6,1.1334756545723667e-5
Sludge amended soil (MP),HDPE,AgriculturalPackagingFilms,0,0,0,0
Release,HDPE,AgriculturalPackagingFilms,4.6000586896133614e-4,2.7926490359694845e-4,0.007712850305836369,0.004682393296373632
Incineration,PP,AgriculturalPackagingFilms,0,0,0,0
Landfill,PP,AgriculturalPackagingFilms,6.064562913510944e-6,8.251764880848032e-6,1.0168362857598294e-4,1.3835612017004055e-4
Sludge amended soil,PP,AgriculturalPackagingFilms,5.471401825699158e-5,7.270587643876892e-5,9.173818442791296e-4,0.0012190486669073199
Sludge amended soil (MP),PP,AgriculturalPackagingFilms,0,0,0,0
Release,PP,AgriculturalPackagingFilms,0.04960929954966826,0.03018245794217577,0.8317917814134392,0.5060648041205104
Incineration,PS,AgriculturalPackagingFilms,0,0,0,0
Landfill,PS,AgriculturalPackagingFilms,0,0,0,0
Sludge amended soil,PS,AgriculturalPackagingFilms,0,0,0,0
Sludge amended soil (MP),PS,AgriculturalPackagingFilms,0,0,0,0
Release,PS,AgriculturalPackagingFilms,0,0,0,0
Incineration,EPS,AgriculturalPackagingFilms,0,0,0,0
Landfill,EPS,AgriculturalPackagingFilms,0,0,0,0
Sludge amended soil,EPS,AgriculturalPackagingFilms,0,0,0,0
Sludge amended soil (MP),EPS,AgriculturalPackagingFilms,0,0,0,0
Release,EPS,AgriculturalPackagingFilms,0,0,0,0
Incineration,PVC,AgriculturalPackagingFilms,0,0,0,0
Landfill,PVC,AgriculturalPackagingFilms,0,0,0,0
Sludge amended soil,PVC,AgriculturalPackagingFilms,0,0,0,0
Sludge amended soil (MP),PVC,AgriculturalPackagingFilms,0,0,0,0
Release,PVC,AgriculturalPackagingFilms,0,0,0,0
Incineration,PET,AgriculturalPackagingFilms,0,0,0,0
Landfill,PET,AgriculturalPackagingFilms,0,0,0,0
Sludge amended soil,PET,AgriculturalPackagingFilms,0,0,0,0
Sludge amended soil (MP),PET,AgriculturalPackagingFilms,0,0,0,0
Release,PET,AgriculturalPackagingFilms,0,0,0,0
Incineration,LDPE,AgriculturalPackagingBottles,0,0,0,0
Landfill,LDPE,AgriculturalPackagingBottles,0,0,0,0
Sludge amended soil,LDPE,AgriculturalPackagingBottles,0,0,0,0
Sludge amended soil (MP),LDPE,AgriculturalPackagingBottles,0,0,0,0
Release,LDPE,AgriculturalPackagingBottles,0,0,0,0
Incineration,HDPE,AgriculturalPackagingBottles,0,0,0,0
Landfill,HDPE,AgriculturalPackagingBottles,1.6236071256987168e-6,2.173635629465908e-6,2.7222780318605007e-5,3.64450268153254e-5
Sludge amended soil,HDPE,AgriculturalPackagingBottles,1.4692008529248436e-5,1.9118048383195022e-5,2.463387320123273e-4,3.205494870147274e-4
Sludge amended soil (MP),HDPE,AgriculturalPackagingBottles,0,0,0,0
Release,HDPE,AgriculturalPackagingBottles,0.05144730647979389,0.03625195342434457,0.8626093715132307,0.6078311363449646
Incineration,PP,AgriculturalPackagingBottles,0,0,0,0
Landfill,PP,AgriculturalPackagingBottles,0,0,0,0
Sludge amended soil,PP,AgriculturalPackagingBottles,0,0,0,0
Sludge amended soil (MP),PP,AgriculturalPackagingBottles,0,0,0,0
Release,PP,AgriculturalPackagingBottles,0,0,0,0
Incineration,PS,AgriculturalPackagingBottles,0,0,0,0
Landfill,PS,AgriculturalPackagingBottles,0,0,0,0
Sludge amended soil,PS,AgriculturalPackagingBottles,0,0,0,0
Sludge amended soil (MP),PS,AgriculturalPackagingBottles,0,0,0,0
Release,PS,AgriculturalPackagingBottles,0,0,0,0
Incineration,EPS,AgriculturalPackagingBottles,0,0,0,0
Landfill,EPS,AgriculturalPackagingBottles,0,0,0,0
Sludge amended soil,EPS,AgriculturalPackagingBottles,0,0,0,0
Sludge amended soil (MP),EPS,AgriculturalPackagingBottles,0,0,0,0
Release,EPS,AgriculturalPackagingBottles,0,0,0,0
Incineration,PVC,AgriculturalPackagingBottles,0,0,0,0
Landfill,PVC,AgriculturalPackagingBottles,0,0,0,0
Sludge amended soil,PVC,AgriculturalPackagingBottles,0,0,0,0
Sludge amended soil (MP),PVC,AgriculturalPackagingBottles,0,0,0,0
Release,PVC,AgriculturalPackagingBottles,0,0,0,0
Incineration,PET,AgriculturalPackagingBottles,0,0,0,0
Landfill,PET,AgriculturalPackagingBottles,0,0,0,0
Sludge amended soil,PET,AgriculturalPackagingBottles,0,0,0,0
Sludge amended soil (MP),PET,AgriculturalPackagingBottles,0,0,0,0
Release,PET,AgriculturalPackagingBottles,0,0,0,0
Incineration,LDPE,BuildingPackagingFilms,0,0,0,0
Landfill,LDPE,BuildingPackagingFilms,0,0,0,0
Sludge amended soil,LDPE,BuildingPackagingFilms,0,0,0,0
Sludge amended soil (MP),LDPE,BuildingPackagingFilms,0,0,0,0
Release,LDPE,BuildingPackagingFilms,0.04237769447426152,0.041351617759031296,0.7105405296772863,0.693336453292904
Incineration,HDPE,BuildingPackagingFilms,0,0,0,0
Landfill,HDPE,BuildingPackagingFilms,0,0,0,0
Sludge amended soil,HDPE,BuildingPackagingFilms,0,0,0,0
Sludge amended soil (MP),HDPE,BuildingPackagingFilms,0,0,0,0
Release,HDPE,BuildingPackagingFilms,0.0014408383505460217,0.0013785854030452136,0.024158323322617668,0.023114537367766776
Incineration,PP,BuildingPackagingFilms,0,0,0,0
Landfill,PP,BuildingPackagingFilms,0,0,0,0
Sludge amended soil,PP,BuildingPackagingFilms,0,0,0,0
Sludge amended soil (MP),PP,BuildingPackagingFilms,0,0,0,0
Release,PP,BuildingPackagingFilms,0,0,0,0
Incineration,PS,BuildingPackagingFilms,0,0,0,0
Landfill,PS,BuildingPackagingFilms,0,0,0,0
Sludge amended soil,PS,BuildingPackagingFilms,0,0,0,0
Sludge amended soil (MP),PS,BuildingPackagingFilms,0,0,0,0
Release,PS,BuildingPackagingFilms,0,0,0,0
Incineration,EPS,BuildingPackagingFilms,0,0,0,0
Landfill,EPS,BuildingPackagingFilms,0,0,0,0
Sludge amended soil,EPS,BuildingPackagingFilms,0,0,0,0
Sludge amended soil (MP),EPS,BuildingPackagingFilms,0,0,0,0
Release,EPS,BuildingPackagingFilms,0,0,0,0
Incineration,PVC,BuildingPackagingFilms,0,0,0,0
Landfill,PVC,BuildingPackagingFilms,0,0,0,0
Sludge amended soil,PVC,BuildingPackagingFilms,0,0,0,0
Sludge amended soil (MP),PVC,BuildingPackagingFilms,0,0,0,0
Release,PVC,BuildingPackagingFilms,0,0,0,0
Incineration,PET,BuildingPackagingFilms,0,0,0,0
Landfill,PET,BuildingPackagingFilms,0,0,0,0
Sludge amended soil,PET,BuildingPackagingFilms,0,0,0,0
Sludge amended soil (MP),PET,BuildingPackagingFilms,0,0,0,0
Release,PET,BuildingPackagingFilms,0,0,0,0
Incineration,LDPE,OtherNonConsumerFilms,0,0,0,0
Landfill,LDPE,OtherNonConsumerFilms,0.002908420364824059,0.004163724047244769,0.04876505369591146,0.06981254470453133
Sludge amended soil,LDPE,OtherNonConsumerFilms,0.026039897057579323,0.0355544840030754,0.43660709903111944,0.596136769811568
Sludge amended soil (MP),LDPE,OtherNonConsumerFilms,0,0,0,0
Release,LDPE,OtherNonConsumerFilms,0.6906135080845067,0.44772605317376585,11.579414451975222,7.506956452423954
Incineration,HDPE,OtherNonConsumerFilms,0,0,0,0
Landfill,HDPE,OtherNonConsumerFilms,1.5251681021644946e-4,2.198327371472344e-4,0.0025572267783870424,0.0036859029598194197
Sludge amended soil,HDPE,OtherNonConsumerFilms,0.0013789832521685405,0.0019191717500690625,0.02312120804512021,0.0321784686201837
Sludge amended soil (MP),HDPE,OtherNonConsumerFilms,0,0,0,0
Release,HDPE,OtherNonConsumerFilms,0.03626796368059204,0.023758203823662023,0.6080995779413156,0.3983502863587512
Incineration,PP,OtherNonConsumerFilms,0,0,0,0
Landfill,PP,OtherNonConsumerFilms,5.181052977903185e-4,7.385375774507913e-4,0.008686994828001584,0.012382950228384497
Sludge amended soil,PP,OtherNonConsumerFilms,0.004672462444713122,0.006477725349178331,0.07834248610150575,0.10861106197045807
Sludge amended soil (MP),PP,OtherNonConsumerFilms,0,0,0,0
Release,PP,OtherNonConsumerFilms,0.12506801051278782,0.08076313040998202,2.0969968172623026,1.3541434514508093
Incineration,PS,OtherNonConsumerFilms,0,0,0,0
Landfill,PS,OtherNonConsumerFilms,0,0,0,0
Sludge amended soil,PS,OtherNonConsumerFilms,0,0,0,0
Sludge amended soil (MP),PS,OtherNonConsumerFilms,0,0,0,0
Release,PS,OtherNonConsumerFilms,0,0,0,0
Incineration,EPS,OtherNonConsumerFilms,0,0,0,0
Landfill,EPS,OtherNonConsumerFilms,0,0,0,0
Sludge amended soil,EPS,OtherNonConsumerFilms,0,0,0,0
Sludge amended soil (MP),EPS,OtherNonConsumerFilms,0,0,0,0
Release,EPS,OtherNonConsumerFilms,0,0,0,0
Incineration,PVC,OtherNonConsumerFilms,0,0,0,0
Landfill,PVC,OtherNonConsumerFilms,9.965985994464963e-7,1.461060444679416e-6,1.670982118096209e-5,2.4497384181283607e-5
Sludge amended soil,PVC,OtherNonConsumerFilms,8.979315380959881e-6,1.260176684962152e-5,1.5055485169920444e-4,2.1129195920835376e-4
Sludge amended soil (MP),PVC,OtherNonConsumerFilms,0,0,0,0
Release,PVC,OtherNonConsumerFilms,2.3567084670771696e-4,1.527136544405971e-4,0.003951458198154227,0.002560527236352606
Incineration,PET,OtherNonConsumerFilms,0,0,0,0
Landfill,PET,OtherNonConsumerFilms,3.226930511829538e-5,4.476801778527405e-5,5.410546617866975e-4,7.506187267707681e-4
Sludge amended soil,PET,OtherNonConsumerFilms,2.8988939639779267e-4,3.8606777782132924e-4,0.004860532594320797,0.006473141277449839
Sludge amended soil (MP),PET,OtherNonConsumerFilms,0,0,0,0
Release,PET,OtherNonConsumerFilms,0.007726734914098875,0.004948485629626586,0.12955302044273065,0.0829705259806158
Incineration,LDPE,NonConsumerBags,0,0,0,0
Landfill,LDPE,NonConsumerBags,1.300039651568588e-6,1.8955893987019097e-6,2.1797572380631886e-5,3.178306682593012e-5
Sludge amended soil,LDPE,NonConsumerBags,1.1667967101027357e-5,1.6159433816117363e-5,1.956350770629223e-4,2.709428345603544e-4
Sludge amended soil (MP),LDPE,NonConsumerBags,0,0,0,0
Release,LDPE,NonConsumerBags,3.0963836308254465e-4,2.0199243709223316e-4,0.0051916605950969,0.003386777289866295
Incineration,HDPE,NonConsumerBags,0,0,0,0
Landfill,HDPE,NonConsumerBags,0,0,0,0
Sludge amended soil,HDPE,NonConsumerBags,0,0,0,0
Sludge amended soil (MP),HDPE,NonConsumerBags,0,0,0,0
Release,HDPE,NonConsumerBags,0,0,0,0
Incineration,PP,NonConsumerBags,0,0,0,0
Landfill,PP,NonConsumerBags,2.1694003325359846e-4,3.07511567524533e-4,0.003637401421869261,0.005156000928825468
Sludge amended soil,PP,NonConsumerBags,0.0019528801571724926,0.0027078035890273065,0.03274365249191121,0.045401341915334285
Sludge amended soil (MP),PP,NonConsumerBags,0,0,0,0
Release,PP,NonConsumerBags,0.052547425717752304,0.03395179419513778,0.8810549079149786,0.5692647070632741
Incineration,PS,NonConsumerBags,0,0,0,0
Landfill,PS,NonConsumerBags,0,0,0,0
Sludge amended soil,PS,NonConsumerBags,0,0,0,0
Sludge amended soil (MP),PS,NonConsumerBags,0,0,0,0
Release,PS,NonConsumerBags,0,0,0,0
Incineration,EPS,NonConsumerBags,0,0,0,0
Landfill,EPS,NonConsumerBags,0,0,0,0
Sludge amended soil,EPS,NonConsumerBags,0,0,0,0
Sludge amended soil (MP),EPS,NonConsumerBags,0,0,0,0
Release,EPS,NonConsumerBags,0,0,0,0
Incineration,PVC,NonConsumerBags,0,0,0,0
Landfill,PVC,NonConsumerBags,0,0,0,0
Sludge amended soil,PVC,NonConsumerBags,0,0,0,0
Sludge amended soil (MP),PVC,NonConsumerBags,0,0,0,0
Release,PVC,NonConsumerBags,0,0,0,0
Incineration,PET,NonConsumerBags,0,0,0,0
Landfill,PET,NonConsumerBags,0,0,0,0
Sludge amended soil,PET,NonConsumerBags,0,0,0,0
Sludge amended soil (MP),PET,NonConsumerBags,0,0,0,0
Release,PET,NonConsumerBags,0,0,0,0
Incineration,LDPE,NonConsumerOther,0,0,0,0
Landfill,LDPE,NonConsumerOther,0,0,0,0
Sludge amended soil,LDPE,NonConsumerOther,0,0,0,0
Sludge amended soil (MP),LDPE,NonConsumerOther,0,0,0,0
Release,LDPE,NonConsumerOther,0,0,0,0
Incineration,HDPE,NonConsumerOther,0,0,0,0
Landfill,HDPE,NonConsumerOther,0.0025958365436457875,0.0037834158183337346,0.04352400704096765,0.06343597293101967
Sludge amended soil,HDPE,NonConsumerOther,0.023391940623115445,0.032567931611555405,0.3922092054966074,0.546061687990672
Sludge amended soil (MP),HDPE,NonConsumerOther,0,0,0,0
Release,HDPE,NonConsumerOther,0.6057644962635137,0.39271597737338904,10.156763631777828,6.584610655143095
Incineration,PP,NonConsumerOther,0,0,0,0
Landfill,PP,NonConsumerOther,0.001338305966888538,0.0019269307020802406,0.02243917802467534,0.032308561819923746
Sludge amended soil,PP,NonConsumerOther,0.01199820060880535,0.01672017717494406,0.20117205340023292,0.2803447354456357
Sludge amended soil (MP),PP,NonConsumerOther,0,0,0,0
Release,PP,NonConsumerOther,0.32247656431008037,0.2072700403112913,5.406916814518115,3.475266081746507
Incineration,PS,NonConsumerOther,0,0,0,0
Landfill,PS,NonConsumerOther,6.581236765137321e-4,9.424339979168198e-4,0.011034662255806429,0.015801651325614476
Sludge amended soil,PS,NonConsumerOther,0.005923017772912832,0.008150082125967437,0.09931036215784608,0.13665122047202172
Sludge amended soil (MP),PS,NonConsumerOther,0,0,0,0
Release,PS,NonConsumerOther,0.15551057818832387,0.1016892849634828,2.6074228427755504,1.7050091869519217
Incineration,EPS,NonConsumerOther,0,0,0,0
Landfill,EPS,NonConsumerOther,2.9132440895407663e-4,4.2024969157544083e-4,0.00488459323741347,0.007046264365091643
Sludge amended soil,EPS,NonConsumerOther,0.002616262120053983,0.0036167711133316956,0.04386647965681177,0.06064186583224912
Sludge amended soil (MP),EPS,NonConsumerOther,0,0,0,0
Release,EPS,NonConsumerOther,0.06863640502793103,0.04451820162368198,1.1508164422043097,0.7464300961720134
Incineration,PVC,NonConsumerOther,0,0,0,0
Landfill,PVC,NonConsumerOther,1.5810770251698696e-5,2.2951166573897953e-5,2.65096844191726e-4,3.848188122653471e-4
Sludge amended soil,PVC,NonConsumerOther,1.4248494624991568e-4,1.9717452252157694e-4,0.002389024000372286,0.003305996029501761
Sludge amended soil (MP),PVC,NonConsumerOther,0,0,0,0
Release,PVC,NonConsumerOther,0.0038051778298204145,0.0024828211102215663,0.06380085335597956,0.04162909399949187
Incineration,PET,NonConsumerOther,0,0,0,0
Landfill,PET,NonConsumerOther,0.0017108084211805406,0.0024037337411026835,0.028684871530712655,0.04030304778953006
Sludge amended soil,PET,NonConsumerOther,0.015398021248212594,0.02078991380504783,0.25817634275343015,0.34858140704081414
Sludge amended soil (MP),PET,NonConsumerOther,0,0,0,0
Release,PET,NonConsumerOther,0.40472982680098335,0.26017644355330655,6.786045089971319,4.362339912667949
Incineration,LDPE,PipesDucts,0,0,0,0
Landfill,LDPE,PipesDucts,0,0,0,0
Sludge amended soil,LDPE,PipesDucts,0,0,0,0
Sludge amended soil (MP),LDPE,PipesDucts,0,0,0,0
Release,LDPE,PipesDucts,2.4057263658810988e-4,1.1052395096668039e-4,0.004033645783420257,0.0018531387239480073
Incineration,HDPE,PipesDucts,0,0,0,0
Landfill,HDPE,PipesDucts,0,0,0,0
Sludge amended soil,HDPE,PipesDucts,0,0,0,0
Sludge amended soil (MP),HDPE,PipesDucts,0,0,0,0
Release,HDPE,PipesDucts,0.00146879987975206,6.736335770487677e-4,0.02462715014340454,0.011294714461999467
Incineration,PP,PipesDucts,0,0,0,0
Landfill,PP,PipesDucts,0,0,0,0
Sludge amended soil,PP,PipesDucts,0,0,0,0
Sludge amended soil (MP),PP,PipesDucts,0,0,0,0
Release,PP,PipesDucts,6.59431282413839e-4,2.991816034573653e-4,0.0110565866903562,0.005016333654474974
Incineration,PS,PipesDucts,0,0,0,0
Landfill,PS,PipesDucts,0,0,0,0
Sludge amended soil,PS,PipesDucts,0,0,0,0
Sludge amended soil (MP),PS,PipesDucts,0,0,0,0
Release,PS,PipesDucts,0,0,0,0
Incineration,EPS,PipesDucts,0,0,0,0
Landfill,EPS,PipesDucts,0,0,0,0
Sludge amended soil,EPS,PipesDucts,0,0,0,0
Sludge amended soil (MP),EPS,PipesDucts,0,0,0,0
Release,EPS,PipesDucts,0,0,0,0
Incineration,PVC,PipesDucts,0,0,0,0
Landfill,PVC,PipesDucts,0,0,0,0
Sludge amended soil,PVC,PipesDucts,0,0,0,0
Sludge amended soil (MP),PVC,PipesDucts,0,0,0,0
Release,PVC,PipesDucts,9.206102359989318e-4,4.237581031570204e-4,0.015435735540316025,0.0071050893826964945
Incineration,PET,PipesDucts,0,0,0,0
Landfill,PET,PipesDucts,0,0,0,0
Sludge amended soil,PET,PipesDucts,0,0,0,0
Sludge amended soil (MP),PET,PipesDucts,0,0,0,0
Release,PET,PipesDucts,0,0,0,0
Incineration,LDPE,Insulation,0,0,0,0
Landfill,LDPE,Insulation,0,0,0,0
Sludge amended soil,LDPE,Insulation,0,0,0,0
Sludge amended soil (MP),LDPE,Insulation,0,0,0,0
Release,LDPE,Insulation,0,0,0,0
Incineration,HDPE,Insulation,0,0,0,0
Landfill,HDPE,Insulation,0,0,0,0
Sludge amended soil,HDPE,Insulation,0,0,0,0
Sludge amended soil (MP),HDPE,Insulation,0,0,0,0
Release,HDPE,Insulation,0,0,0,0
Incineration,PP,Insulation,0,0,0,0
Landfill,PP,Insulation,0,0,0,0
Sludge amended soil,PP,Insulation,0,0,0,0
Sludge amended soil (MP),PP,Insulation,0,0,0,0
Release,PP,Insulation,0,0,0,0
Incineration,PS,Insulation,0,0,0,0
Landfill,PS,Insulation,0,0,0,0
Sludge amended soil,PS,Insulation,0,0,0,0
Sludge amended soil (MP),PS,Insulation,0,0,0,0
Release,PS,Insulation,0,0,0,0
Incineration,EPS,Insulation,0,0,0,0
Landfill,EPS,Insulation,0,0,0,0
Sludge amended soil,EPS,Insulation,0,0,0,0
Sludge amended soil (MP),EPS,Insulation,0,0,0,0
Release,EPS,Insulation,0.25285716470081004,0.1990506469293312,4.239618647690515,3.3374527297060594
Incineration,PVC,Insulation,0,0,0,0
Landfill,PVC,Insulation,0,0,0,0
Sludge amended soil,PVC,Insulation,0,0,0,0
Sludge amended soil (MP),PVC,Insulation,0,0,0,0
Release,PVC,Insulation,0,0,0,0
Incineration,PET,Insulation,0,0,0,0
Landfill,PET,Insulation,0,0,0,0
Sludge amended soil,PET,Insulation,0,0,0,0
Sludge amended soil (MP),PET,Insulation,0,0,0,0
Release,PET,Insulation,0,0,0,0
Incineration,LDPE,WallFloorCoverings,0,0,0,0
Landfill,LDPE,WallFloorCoverings,0,0,0,0
Sludge amended soil,LDPE,WallFloorCoverings,0,0,0,0
Sludge amended soil (MP),LDPE,WallFloorCoverings,0,0,0,0
Release,LDPE,WallFloorCoverings,0,0,0,0
Incineration,HDPE,WallFloorCoverings,0,0,0,0
Landfill,HDPE,WallFloorCoverings,0,0,0,0
Sludge amended soil,HDPE,WallFloorCoverings,0,0,0,0
Sludge amended soil (MP),HDPE,WallFloorCoverings,0,0,0,0
Release,HDPE,WallFloorCoverings,0,0,0,0
Incineration,PP,WallFloorCoverings,0,0,0,0
Landfill,PP,WallFloorCoverings,0,0,0,0
Sludge amended soil,PP,WallFloorCoverings,0,0,0,0
Sludge amended soil (MP),PP,WallFloorCoverings,0,0,0,0
Release,PP,WallFloorCoverings,0,0,0,0
Incineration,PS,WallFloorCoverings,0,0,0,0
Landfill,PS,WallFloorCoverings,0,0,0,0
Sludge amended soil,PS,WallFloorCoverings,0,0,0,0
Sludge amended soil (MP),PS,WallFloorCoverings,0,0,0,0
Release,PS,WallFloorCoverings,0,0,0,0
Incineration,EPS,WallFloorCoverings,0,0,0,0
Landfill,EPS,WallFloorCoverings,0,0,0,0
Sludge amended soil,EPS,WallFloorCoverings,0,0,0,0
Sludge amended soil (MP),EPS,WallFloorCoverings,0,0,0,0
Release,EPS,WallFloorCoverings,0,0,0,0
Incineration,PVC,WallFloorCoverings,0,0,0,0
Landfill,PVC,WallFloorCoverings,6.790261053682718e-4,6.304977265989342e-4,0.011385130186025404,0.010571462043316795
Sludge amended soil,PVC,WallFloorCoverings,0,0,0,0
Sludge amended soil (MP),PVC,WallFloorCoverings,0.006136955917466623,0.005363629854964116,0.10289743135628379,0.08993118774910706
Release,PVC,WallFloorCoverings,0.145650131784114,0.11355596444475771,2.4420941976517088,1.9039760450771739
Incineration,PET,WallFloorCoverings,0,0,0,0
Landfill,PET,WallFloorCoverings,0,0,0,0
Sludge amended soil,PET,WallFloorCoverings,0,0,0,0
Sludge amended soil (MP),PET,WallFloorCoverings,0,0,0,0
Release,PET,WallFloorCoverings,0,0,0,0
Incineration,LDPE,WindowsProfilesFittedFurniture,0,0,0,0
Landfill,LDPE,WindowsProfilesFittedFurniture,0,0,0,0
Sludge amended soil,LDPE,WindowsProfilesFittedFurniture,0,0,0,0
Sludge amended soil (MP),LDPE,WindowsProfilesFittedFurniture,0,0,0,0
Release,LDPE,WindowsProfilesFittedFurniture,0,0,0,0
Incineration,HDPE,WindowsProfilesFittedFurniture,0,0,0,0
Landfill,HDPE,WindowsProfilesFittedFurniture,0,0,0,0
Sludge amended soil,HDPE,WindowsProfilesFittedFurniture,0,0,0,0
Sludge amended soil (MP),HDPE,WindowsProfilesFittedFurniture,0,0,0,0
Release,HDPE,WindowsProfilesFittedFurniture,0,0,0,0
Incineration,PP,WindowsProfilesFittedFurniture,0,0,0,0
Landfill,PP,WindowsProfilesFittedFurniture,0,0,0,0
Sludge amended soil,PP,WindowsProfilesFittedFurniture,0,0,0,0
Sludge amended soil (MP),PP,WindowsProfilesFittedFurniture,0,0,0,0
Release,PP,WindowsProfilesFittedFurniture,0,0,0,0
Incineration,PS,WindowsProfilesFittedFurniture,0,0,0,0
Landfill,PS,WindowsProfilesFittedFurniture,0,0,0,0
Sludge amended soil,PS,WindowsProfilesFittedFurniture,0,0,0,0
Sludge amended soil (MP),PS,WindowsProfilesFittedFurniture,0,0,0,0
Release,PS,WindowsProfilesFittedFurniture,0,0,0,0
Incineration,EPS,WindowsProfilesFittedFurniture,0,0,0,0
Landfill,EPS,WindowsProfilesFittedFurniture,0,0,0,0
Sludge amended soil,EPS,WindowsProfilesFittedFurniture,0,0,0,0
Sludge amended soil (MP),EPS,WindowsProfilesFittedFurniture,0,0,0,0
Release,EPS,WindowsProfilesFittedFurniture,0,0,0,0
Incineration,PVC,WindowsProfilesFittedFurniture,0,0,0,0
Landfill,PVC,WindowsProfilesFittedFurniture,0,0,0,0
Sludge amended soil,PVC,WindowsProfilesFittedFurniture,0,0,0,0
Sludge amended soil (MP),PVC,WindowsProfilesFittedFurniture,0,0,0,0
Release,PVC,WindowsProfilesFittedFurniture,0,0,0,0
Incineration,PET,WindowsProfilesFittedFurniture,0,0,0,0
Landfill,PET,WindowsProfilesFittedFurniture,0,0,0,0
Sludge amended soil,PET,WindowsProfilesFittedFurniture,0,0,0,0
Sludge amended soil (MP),PET,WindowsProfilesFittedFurniture,0,0,0,0
Release,PET,WindowsProfilesFittedFurniture,0,0,0,0
Incineration,LDPE,Lining,0,0,0,0
Landfill,LDPE,Lining,0,0,0,0
Sludge amended soil,LDPE,Lining,0,0,0,0
Sludge amended soil (MP),LDPE,Lining,0,0,0,0
Release,LDPE,Lining,0,0,0,0
Incineration,HDPE,Lining,0,0,0,0
Landfill,HDPE,Lining,0,0,0,0
Sludge amended soil,HDPE,Lining,0,0,0,0
Sludge amended soil (MP),HDPE,Lining,0,0,0,0
Release,HDPE,Lining,0,0,0,0
Incineration,PP,Lining,0,0,0,0
Landfill,PP,Lining,0,0,0,0
Sludge amended soil,PP,Lining,0,0,0,0
Sludge amended soil (MP),PP,Lining,0,0,0,0
Release,PP,Lining,0,0,0,0
Incineration,PS,Lining,0,0,0,0
Landfill,PS,Lining,0,0,0,0
Sludge amended soil,PS,Lining,0,0,0,0
Sludge amended soil (MP),PS,Lining,0,0,0,0
Release,PS,Lining,0,0,0,0
Incineration,EPS,Lining,0,0,0,0
Landfill,EPS,Lining,0,0,0,0
Sludge amended soil,EPS,Lining,0,0,0,0
Sludge amended soil (MP),EPS,Lining,0,0,0,0
Release,EPS,Lining,0,0,0,0
Incineration,PVC,Lining,0,0,0,0
Landfill,PVC,Lining,0,0,0,0
Sludge amended soil,PVC,Lining,0,0,0,0
Sludge amended soil (MP),PVC,Lining,0,0,0,0
Release,PVC,Lining,0.02010390417050794,0.019417539820088387,0.33707918505500634,0.32557101560055624
Incineration,PET,Lining,0,0,0,0
Landfill,PET,Lining,0,0,0,0
Sludge amended soil,PET,Lining,0,0,0,0
Sludge amended soil (MP),PET,Lining,0,0,0,0
Release,PET,Lining,0,0,0,0
Incineration,LDPE,AutomotivePC,0,0,0,0
Landfill,LDPE,AutomotivePC,0,0,0,0
Sludge amended soil,LDPE,AutomotivePC,0,0,0,0
Sludge amended soil (MP),LDPE,AutomotivePC,0,0,0,0
Release,LDPE,AutomotivePC,0.006963902231543887,0.003605295241604273,0.11676271778369927,0.06044945158987773
Incineration,HDPE,AutomotivePC,0,0,0,0
Landfill,HDPE,AutomotivePC,0,0,0,0
Sludge amended soil,HDPE,AutomotivePC,0,0,0,0
Sludge amended soil (MP),HDPE,AutomotivePC,0,0,0,0
Release,HDPE,AutomotivePC,0.02358816398773969,0.012242485540722704,0.3954992536024536,0.20526794268987225
Incineration,PP,AutomotivePC,0,0,0,0
Landfill,PP,AutomotivePC,0,0,0,0
Sludge amended soil,PP,AutomotivePC,0,0,0,0
Sludge amended soil (MP),PP,AutomotivePC,0,0,0,0
Release,PP,AutomotivePC,0.1117234885890413,0.05696205790506241,1.873251193683184,0.9550743922596701
Incineration,PS,AutomotivePC,0,0,0,0
Landfill,PS,AutomotivePC,0,0,0,0
Sludge amended soil,PS,AutomotivePC,0,0,0,0
Sludge amended soil (MP),PS,AutomotivePC,0,0,0,0
Release,PS,AutomotivePC,1.4856460682909385e-4,7.537249808997688e-5,0.0024909607692734604,0.0012637595173677907
Incineration,EPS,AutomotivePC,0,0,0,0
Landfill,EPS,AutomotivePC,0,0,0,0
Sludge amended soil,EPS,AutomotivePC,0,0,0,0
Sludge amended soil (MP),EPS,AutomotivePC,0,0,0,0
Release,EPS,AutomotivePC,0,0,0,0
Incineration,PVC,AutomotivePC,0,0,0,0
Landfill,PVC,AutomotivePC,0,0,0,0
Sludge amended soil,PVC,AutomotivePC,0,0,0,0
Sludge amended soil (MP),PVC,AutomotivePC,0,0,0,0
Release,PVC,AutomotivePC,0.007852744102130615,0.003980963800171997,0.13166579784412177,0.06674823069759757
Incineration,PET,AutomotivePC,0,0,0,0
Landfill,PET,AutomotivePC,0,0,0,0
Sludge amended soil,PET,AutomotivePC,0,0,0,0
Sludge amended soil (MP),PET,AutomotivePC,0,0,0,0
Release,PET,AutomotivePC,5.184449328294608e-6,2.6482833101921587e-6,8.692689438423482e-5,4.440337421145761e-5
Incineration,LDPE,EEEPC,0,0,0,0
Landfill,LDPE,EEEPC,8.690374689916954e-7,1.174969754975368e-6,1.457102259071228e-5,1.970054393973819e-5
Sludge amended soil,LDPE,EEEPC,7.772452418884577e-6,9.957499111724276e-6,1.3031955907747602e-4,1.6695591350310166e-4
Sludge amended soil (MP),LDPE,EEEPC,0,0,0,0
Release,LDPE,EEEPC,0.004611633421260067,0.0034128484437821465,0.07732257487036653,0.057222724620521644
Incineration,HDPE,EEEPC,0,0,0,0
Landfill,HDPE,EEEPC,8.204830780316239e-7,1.1206066703113627e-6,1.375691830545247e-5,1.878904614706063e-5
Sludge amended soil,HDPE,EEEPC,7.401717745865245e-6,9.61700320939246e-6,1.2410350569833613e-4,1.612468691155469e-4
Sludge amended soil (MP),HDPE,EEEPC,0,0,0,0
Release,HDPE,EEEPC,0.004404886344703082,0.003297656137780301,0.07385607724446919,0.05529131227879997
Incineration,PP,EEEPC,0,0,0,0
Landfill,PP,EEEPC,2.9623990391056388e-5,4.097742637492107e-5,4.967010613661482e-4,6.870624417506328e-4
Sludge amended soil,PP,EEEPC,2.6604675310390306e-4,3.5476677255812035e-4,0.004460766523865117,0.005948321955986751
Sludge amended soil (MP),PP,EEEPC,0,0,0,0
Release,PP,EEEPC,0.1604394519539161,0.12169172944883165,2.6900645395352325,2.0403872124859066
Incineration,PS,EEEPC,0,0,0,0
Landfill,PS,EEEPC,1.7486136037944308e-5,2.3569877891150933e-5,2.931874543093946e-4,3.9519265332801446e-4
Sludge amended soil,PS,EEEPC,1.5668026836995308e-4,2.0360116764993097e-4,0.002627034864890579,0.0034137506369715485
Sludge amended soil (MP),PS,EEEPC,0,0,0,0
Release,PS,EEEPC,0.09242860480911017,0.06858776228190915,1.5497367337500056,1.1500008564828084
Incineration,EPS,EEEPC,0,0,0,0
Landfill,EPS,EEEPC,0,0,0,0
Sludge amended soil,EPS,EEEPC,0,0,0,0
Sludge amended soil (MP),EPS,EEEPC,0,0,0,0
Release,EPS,EEEPC,0,0,0,0
Incineration,PVC,EEEPC,0,0,0,0
Landfill,PVC,EEEPC,6.682406757711886e-6,8.854277310555795e-6,1.1204292484640701e-4,1.4845835688331242e-4
Sludge amended soil,PVC,EEEPC,6.060759578751564e-5,7.789149765571585e-5,0.0010161985862511618,0.0013059952101751025
Sludge amended soil (MP),PVC,EEEPC,0,0,0,0
Release,PVC,EEEPC,0.03692896353699808,0.027534371773368597,0.6191824646795882,0.4616647353494701
Incineration,PET,EEEPC,0,0,0,0
Landfill,PET,EEEPC,3.1804924225516215e-9,4.17020816070332e-9,5.3326845610418395e-8,6.992126287498595e-8
Sludge amended soil,PET,EEEPC,2.880209486216512e-8,3.712399637372198e-8,4.829204607062305e-7,6.224525513803743e-7
Sludge amended soil (MP),PET,EEEPC,0,0,0,0
Release,PET,EEEPC,1.7058467169456682e-5,1.2794758830177935e-5,2.860167937033476e-4,2.1452782717590706e-4
Incineration,LDPE,AgriculturalFilms,0,0,0,0
Landfill,LDPE,AgriculturalFilms,2.2501505322284183e-5,3.119643909393862e-5,3.772794086271654e-4,5.230660759828564e-4
Sludge amended soil,LDPE,AgriculturalFilms,2.0228406095723167e-4,2.682436567358998e-4,0.0033916669040388744,0.0044976016818342925
Sludge amended soil (MP),LDPE,AgriculturalFilms,0,0,0,0
Release,LDPE,AgriculturalFilms,1.398977994876292,0.6683447264058606,23.45645693608939,11.206037086228644
Incineration,HDPE,AgriculturalFilms,0,0,0,0
Landfill,HDPE,AgriculturalFilms,0,0,0,0
Sludge amended soil,HDPE,AgriculturalFilms,0,0,0,0
Sludge amended soil (MP),HDPE,AgriculturalFilms,0,0,0,0
Release,HDPE,AgriculturalFilms,0,0,0,0
Incineration,PP,AgriculturalFilms,0,0,0,0
Landfill,PP,AgriculturalFilms,0,0,0,0
Sludge amended soil,PP,AgriculturalFilms,0,0,0,0
Sludge amended soil (MP),PP,AgriculturalFilms,0,0,0,0
Release,PP,AgriculturalFilms,0,0,0,0
Incineration,PS,AgriculturalFilms,0,0,0,0
Landfill,PS,AgriculturalFilms,0,0,0,0
Sludge amended soil,PS,AgriculturalFilms,0,0,0,0
Sludge amended soil (MP),PS,AgriculturalFilms,0,0,0,0
Release,PS,AgriculturalFilms,0,0,0,0
Incineration,EPS,AgriculturalFilms,0,0,0,0
Landfill,EPS,AgriculturalFilms,0,0,0,0
Sludge amended soil,EPS,AgriculturalFilms,0,0,0,0
Sludge amended soil (MP),EPS,AgriculturalFilms,0,0,0,0
Release,EPS,AgriculturalFilms,0,0,0,0
Incineration,PVC,AgriculturalFilms,0,0,0,0
Landfill,PVC,AgriculturalFilms,1.39723808567904e-7,1.9217540337921066e-7,2.3427284136154347e-6,3.2221765389087986e-6
Sludge amended soil,PVC,AgriculturalFilms,1.2577321635184826e-6,1.6294442077109929e-6,2.10882089916751e-5,2.7320649808586147e-5
Sludge amended soil (MP),PVC,AgriculturalFilms,0,0,0,0
Release,PVC,AgriculturalFilms,0.00878979567540034,0.004210965987918148,0.14737720285248984,0.07060464333012866
Incineration,PET,AgriculturalFilms,0,0,0,0
Landfill,PET,AgriculturalFilms,0,0,0,0
Sludge amended soil,PET,AgriculturalFilms,0,0,0,0
Sludge amended soil (MP),PET,AgriculturalFilms,0,0,0,0
Release,PET,AgriculturalFilms,0,0,0,0
Incineration,LDPE,AgriculturalPipes,0,0,0,0
Landfill,LDPE,AgriculturalPipes,2.2497927433252532e-7,3.112087077508338e-7,3.7721941869144063e-6,5.217990331677066e-6
Sludge amended soil,LDPE,AgriculturalPipes,2.02570446755348e-6,2.685048517249254e-6,3.396468692319481e-5,4.5019810995481095e-5
Sludge amended soil (MP),LDPE,AgriculturalPipes,0,0,0,0
Release,LDPE,AgriculturalPipes,0.015681340753250245,0.011533236355855169,0.26292671895191894,0.19337606660409226
Incineration,HDPE,AgriculturalPipes,0,0,0,0
Landfill,HDPE,AgriculturalPipes,2.1818282519611432e-7,3.0034752691968755e-7,3.658239130387128e-6,5.035882520565006e-6
Sludge amended soil,HDPE,AgriculturalPipes,1.9632962998133487e-6,2.5743596136517667e-6,3.291829841356991e-5,4.316390653519186e-5
Sludge amended soil (MP),HDPE,AgriculturalPipes,0,0,0,0
Release,HDPE,AgriculturalPipes,0.014975022879501578,0.010748257176498114,0.25108399172571916,0.18021443691173689
Incineration,PP,AgriculturalPipes,0,0,0,0
Landfill,PP,AgriculturalPipes,2.1282485226701027e-7,2.8620304214392697e-7,3.568402791476468e-6,4.798724038272267e-6
Sludge amended soil,PP,AgriculturalPipes,1.9191211437422305e-6,2.490761074230863e-6,3.217762011139344e-5,4.176222220060745e-5
Sludge amended soil (MP),PP,AgriculturalPipes,0,0,0,0
Release,PP,AgriculturalPipes,0.015063076690073578,0.010901149648585575,0.25256037693213784,0.18277796235710242
Incineration,PS,AgriculturalPipes,0,0,0,0
Landfill,PS,AgriculturalPipes,0,0,0,0
Sludge amended soil,PS,AgriculturalPipes,0,0,0,0
Sludge amended soil (MP),PS,AgriculturalPipes,0,0,0,0
Release,PS,AgriculturalPipes,0,0,0,0
Incineration,EPS,AgriculturalPipes,0,0,0,0
Landfill,EPS,AgriculturalPipes,0,0,0,0
Sludge amended soil,EPS,AgriculturalPipes,0,0,0,0
Sludge amended soil (MP),EPS,AgriculturalPipes,0,0,0,0
Release,EPS,AgriculturalPipes,0,0,0,0
Incineration,PVC,AgriculturalPipes,0,0,0,0
Landfill,PVC,AgriculturalPipes,2.127542421822263e-7,2.910656928885035e-7,3.5672188826379768e-6,4.880255383442202e-6
Sludge amended soil,PVC,AgriculturalPipes,1.916229433779405e-6,2.46808841684578e-6,3.212913523853404e-5,4.13820731106806e-5
Sludge amended soil (MP),PVC,AgriculturalPipes,0,0,0,0
Release,PVC,AgriculturalPipes,0.014959506677709995,0.010852285743366507,0.2508238338672904,0.18195866849208234
Incineration,PET,AgriculturalPipes,0,0,0,0
Landfill,PET,AgriculturalPipes,0,0,0,0
Sludge amended soil,PET,AgriculturalPipes,0,0,0,0
Sludge amended soil (MP),PET,AgriculturalPipes,0,0,0,0
Release,PET,AgriculturalPipes,0,0,0,0
Incineration,LDPE,AgriculturalOther,0,0,0,0
Landfill,LDPE,AgriculturalOther,7.077107211354008e-7,9.571120425818794e-7,1.1866080892136708e-5,1.604775592758315e-5
Sludge amended soil,LDPE,AgriculturalOther,6.3593129346881465e-6,8.30294657165344e-6,1.0662565854641564e-4,1.3921427600286295e-4
Sludge amended soil (MP),LDPE,AgriculturalOther,0,0,0,0
Release,LDPE,AgriculturalOther,0.03525811183071005,0.02261140392841062,0.5911675414723061,0.3791220622867528
Incineration,HDPE,AgriculturalOther,0,0,0,0
Landfill,HDPE,AgriculturalOther,4.395151135225078e-8,6.132234504303615e-8,7.369284842834704e-7,1.0281826812073525e-6
Sludge amended soil,HDPE,AgriculturalOther,3.9606797587411655e-7,5.23131063667052e-7,6.640813117776615e-6,8.771261100444913e-6
Sludge amended soil (MP),HDPE,AgriculturalOther,0,0,0,0
Release,HDPE,AgriculturalOther,0.0021966815179494713,0.0013848684405376747,0.03683143381582752,0.023219884127265146
Incineration,PP,AgriculturalOther,0,0,0,0
Landfill,PP,AgriculturalOther,2.785777523560018e-8,3.8193916972889494e-8,4.6708719332422057e-7,6.403917516761067e-7
Sludge amended soil,PP,AgriculturalOther,2.506205047953014e-7,3.3057063946492915e-7,4.202116902168863e-6,5.5426289743966346e-6
Sludge amended soil (MP),PP,AgriculturalOther,0,0,0,0
Release,PP,AgriculturalOther,0.0014137320326658995,8.941871118292692e-4,0.023703835703527375,0.014992702929029355
Incineration,PS,AgriculturalOther,0,0,0,0
Landfill,PS,AgriculturalOther,5.820565533616006e-8,7.833914392128795e-8,9.759256062853438e-7,1.313500828840621e-6
Sludge amended soil,PS,AgriculturalOther,5.229554441135625e-7,6.663084558371927e-7,8.768316513390184e-6,1.1171895239052263e-5
Sludge amended soil (MP),PS,AgriculturalOther,0,0,0,0
Release,PS,AgriculturalOther,0.0028962544561266877,0.0018019572696351257,0.04856106970581767,0.03021315077912083
Incineration,EPS,AgriculturalOther,0,0,0,0
Landfill,EPS,AgriculturalOther,0,0,0,0
Sludge amended soil,EPS,AgriculturalOther,0,0,0,0
Sludge amended soil (MP),EPS,AgriculturalOther,0,0,0,0
Release,EPS,AgriculturalOther,0,0,0,0
Incineration,PVC,AgriculturalOther,0,0,0,0
Landfill,PVC,AgriculturalOther,1.9903547575523997e-7,2.750996924653525e-7,3.337198356876005e-6,4.612555817945932e-6
Sludge amended soil,PVC,AgriculturalOther,1.7914209107755556e-6,2.3309440436364942e-6,3.0036489209919704e-5,3.90825937078648e-5
Sludge amended soil (MP),PVC,AgriculturalOther,0,0,0,0
Release,PVC,AgriculturalOther,0.010068767541951637,0.006326140919879205,0.16882153480060116,0.10606946828488259
Incineration,PET,AgriculturalOther,0,0,0,0
Landfill,PET,AgriculturalOther,0,0,0,0
Sludge amended soil,PET,AgriculturalOther,0,0,0,0
Sludge amended soil (MP),PET,AgriculturalOther,0,0,0,0
Release,PET,AgriculturalOther,0,0,0,0
Incineration,LDPE,Household,0,0,0,0
Landfill,LDPE,Household,7.462277119026393e-5,6.597356123571483e-5,0.0012511889574294982,0.0011061689345462815
Sludge amended soil,LDPE,Household,4.49639521441388e-5,5.850285357730366e-5,7.53903929159829e-4,9.8090868519752e-4
Sludge amended soil (MP),LDPE,Household,6.265545476806992e-4,5.487139499083441e-4,0.010505347346140982,0.009200205566774994
Release,LDPE,Household,0.0323634742600744,0.021778859827635125,0.5426335818461538,0.3651629185984616
Incineration,HDPE,Household,0,0,0,0
Landfill,HDPE,Household,1.7861173637102307e-4,1.602910598903756e-4,0.002994756542140985,0.002687576471773736
Sludge amended soil,HDPE,Household,1.0997546759149613e-4,1.4236847682056906e-4,0.0018439423843934967,0.002387071174692507
Sludge amended soil (MP),HDPE,Household,0.001496837766818285,0.0013136568394688164,0.02509725724512918,0.022025889754273338
Release,HDPE,Household,0.07778867092647317,0.05244080583859784,1.3042711296283078,0.8792672281851491
Incineration,PP,Household,0,0,0,0
Landfill,PP,Household,2.003011777140819e-4,1.7560726041185377e-4,0.0033584201942460238,0.0029443809385147094
Sludge amended soil,PP,Household,1.2112154065566386e-4,1.575190104473481e-4,0.0020308269414013253,0.002641097929135304
Sludge amended soil (MP),PP,Household,0.001688239663226148,0.001460308367166815,0.028306464507158978,0.024484774208967
Release,PP,Household,0.08836766716363753,0.06026141037749088,1.4816475934275406,1.0103941467303914
Incineration,PS,Household,0,0,0,0
Landfill,PS,Household,1.405519775931516e-4,1.2531735833592973e-4,0.002356614201060034,0.002101177595299596
Sludge amended soil,PS,Household,8.679349720283025e-5,1.1080562171997243e-4,0.001455253718734017,0.0018578614557700577
Sludge amended soil (MP),PS,Household,0.0011770689046443508,0.0010284143130029942,0.019735740071480958,0.0172432705401816
Release,PS,Household,0.062152538117125206,0.0420870093247186,1.0421024055792372,0.7056666548077841
Incineration,EPS,Household,0,0,0,0
Landfill,EPS,Household,3.0549428804078246e-05,2.6971419660684133e-5,5.122177502358467e-4,4.522258006152384e-4
Sludge amended soil,EPS,Household,1.8984017461222707e-5,2.4834756801739176e-5,3.183022103878881e-4,4.164006907698074e-4
Sludge amended soil (MP),EPS,Household,2.572331233944724e-4,2.239182304938281e-4,0.00431298969929242,0.003754403821947368
Release,EPS,Household,0.013361945588931463,0.009070495828926755,0.2240377635938839,0.15208366077195717
Incineration,PVC,Household,0,0,0,0
Landfill,PVC,Household,1.266547625210189e-4,1.0956005714029169e-4,0.0021236016532823407,0.001836977258855307
Sludge amended soil,PVC,Household,7.687885085809427e-5,1.0044048054731026e-4,0.001289016311231106,0.0016840706681783368
Sludge amended soil (MP),PVC,Household,0.0010695981926723511,9.197876167351142e-4,0.017933794553756793,0.01542194280489974
Release,PVC,Household,0.05624061636264307,0.03876254323234678,0.9429780887197694,0.6499258239892803
Incineration,PET,Household,0,0,0,0
Landfill,PET,Household,6.323942006997783e-6,5.700579326918954e-6,1.0603259943812573e-4,9.558076966354284e-5
Sludge amended soil,PET,Household,3.891489141640869e-6,4.981209145125215e-6,6.524802234378976e-5,8.351919632060848e-5
Sludge amended soil (MP),PET,Household,5.305379512592683e-5,4.662935373811259e-5,8.895451288191675e-4,7.818274711407702e-4
Release,PET,Household,0.0027607147496903285,0.0018831451576545497,0.04628849551322946,0.031574416078528254
Incineration,LDPE,TamponApplicators,0,0,0,0
Landfill,LDPE,TamponApplicators,0,0,0,0
Sludge amended soil,LDPE,TamponApplicators,0,0,0,0
Sludge amended soil (MP),LDPE,TamponApplicators,0,0,0,0
Release,LDPE,TamponApplicators,0,0,0,0
Incineration,HDPE,TamponApplicators,0,0,0,0
Landfill,HDPE,TamponApplicators,0.01649257891124731,0.026004803039794466,0.2765286290517653,0.4360186828302216
Sludge amended soil,HDPE,TamponApplicators,0.14978045904533077,0.229380797467993,2.5113467833889516,3.8459938737275134
Sludge amended soil (MP),HDPE,TamponApplicators,0,0,0,0
Release,HDPE,TamponApplicators,0.004617399781727519,0.006528280862828552,0.07741925858267519,0.1094587187836184
Incineration,PP,TamponApplicators,0,0,0,0
Landfill,PP,TamponApplicators,0,0,0,0
Sludge amended soil,PP,TamponApplicators,0,0,0,0
Sludge amended soil (MP),PP,TamponApplicators,0,0,0,0
Release,PP,TamponApplicators,0,0,0,0
Incineration,PS,TamponApplicators,0,0,0,0
Landfill,PS,TamponApplicators,0,0,0,0
Sludge amended soil,PS,TamponApplicators,0,0,0,0
Sludge amended soil (MP),PS,TamponApplicators,0,0,0,0
Release,PS,TamponApplicators,0,0,0,0
Incineration,EPS,TamponApplicators,0,0,0,0
Landfill,EPS,TamponApplicators,0,0,0,0
Sludge amended soil,EPS,TamponApplicators,0,0,0,0
Sludge amended soil (MP),EPS,TamponApplicators,0,0,0,0
Release,EPS,TamponApplicators,0,0,0,0
Incineration,PVC,TamponApplicators,0,0,0,0
Landfill,PVC,TamponApplicators,0,0,0,0
Sludge amended soil,PVC,TamponApplicators,0,0,0,0
Sludge amended soil (MP),PVC,TamponApplicators,0,0,0,0
Release,PVC,TamponApplicators,0,0,0,0
Incineration,PET,TamponApplicators,0,0,0,0
Landfill,PET,TamponApplicators,0,0,0,0
Sludge amended soil,PET,TamponApplicators,0,0,0,0
Sludge amended soil (MP),PET,TamponApplicators,0,0,0,0
Release,PET,TamponApplicators,0,0,0,0
Incineration,LDPE,Furniture,0,0,0,0
Landfill,LDPE,Furniture,4.506483191619047e-6,6.253959700113349e-6,7.555953653636285e-5,1.0485921645874009e-4
Sludge amended soil,LDPE,Furniture,4.047225896274843e-5,5.2962491770750504e-5,6.785923745354648e-4,8.88014258979429e-4
Sludge amended soil (MP),LDPE,Furniture,0,0,0,0
Release,LDPE,Furniture,0.024131262348052098,0.01817855170930886,0.40460530340980255,0.304797085366295
Incineration,HDPE,Furniture,0,0,0,0
Landfill,HDPE,Furniture,3.3929761182765532e-6,4.640967816218838e-6,5.688952828065848e-5,7.78144203279911e-5
Sludge amended soil,HDPE,Furniture,3.0513173169365492e-5,3.950399638780074e-5,5.116098573758839e-4,6.623576592824234e-4
Sludge amended soil (MP),HDPE,Furniture,0,0,0,0
Release,HDPE,Furniture,0.018150855667000376,0.013482021782459169,0.3043327099250169,0.22605106335474343
Incineration,PP,Furniture,0,0,0,0
Landfill,PP,Furniture,1.1906405113479669e-5,1.6169115464340516e-5,1.9963293191946634e-4,2.7110516532284564e-4
Sludge amended soil,PP,Furniture,1.0697092774887538e-4,1.4022640467976246e-4,0.0017935657096428475,0.002351155368218889
Sludge amended soil (MP),PP,Furniture,0,0,0,0
Release,PP,Furniture,0.06430341425502958,0.04835156273977015,1.0781658273688541,0.8107034945166048
Incineration,PS,Furniture,0,0,0,0
Landfill,PS,Furniture,4.438081487525045e-6,5.935135669314861e-6,7.441265528997272e-5,9.95135411328916e-5
Sludge amended soil,PS,Furniture,3.983044744945888e-5,5.115995708363787e-5,6.678312159055939e-4,8.577914267269434e-4
Sludge amended soil (MP),PS,Furniture,0,0,0,0
Release,PS,Furniture,0.02366461693354482,0.017844274344212527,0.3967811288267124,0.29919230627197846
Incineration,EPS,Furniture,0,0,0,0
Landfill,EPS,Furniture,2.2117838933246063e-8,3.060824438244563e-8,3.7084653107994327e-7,5.132039023313038e-7
Sludge amended soil,EPS,Furniture,1.9775091577408037e-7,2.56280977292392e-7,3.315660329837518e-6,4.297025206554068e-6
Sludge amended soil (MP),EPS,Furniture,0,0,0,0
Release,EPS,Furniture,1.164838833248992e-4,8.872359913643707e-5,0.0019530680274928622,0.0014876154521234796
Incineration,PVC,Furniture,0,0,0,0
Landfill,PVC,Furniture,7.231674580741125e-6,9.753781182477308e-6,1.2125241712180498e-4,1.6354020514171793e-4
Sludge amended soil,PVC,Furniture,6.524498667278765e-5,8.352583984287439e-5,0.0010939530327074946,0.0014004653915219954
Sludge amended soil (MP),PVC,Furniture,0,0,0,0
Release,PVC,Furniture,0.03961611968869108,0.029874963705247646,0.6642376140697744,0.5009090937712293
Incineration,PET,Furniture,0,0,0,0
Landfill,PET,Furniture,4.730126642623259e-7,6.390627003898499e-7,7.930933317128604e-6,1.0715069690914653e-5
Sludge amended soil,PET,Furniture,4.254826055886842e-6,5.548089056711788e-6,7.134003859673726e-5,9.302398787756247e-5
Sludge amended soil (MP),PET,Furniture,0,0,0,0
Release,PET,Furniture,0.002522172697520533,0.0019138844512475645,0.04228889623814438,0.032089817263572705
Incineration,LDPE,FabricCoatings,0,0,0,0
Landfill,LDPE,FabricCoatings,0,0,0,0
Sludge amended soil,LDPE,FabricCoatings,0,0,0,0
Sludge amended soil (MP),LDPE,FabricCoatings,0,0,0,0
Release,LDPE,FabricCoatings,0,0,0,0
Incineration,HDPE,FabricCoatings,0,0,0,0
Landfill,HDPE,FabricCoatings,0,0,0,0
Sludge amended soil,HDPE,FabricCoatings,0,0,0,0
Sludge amended soil (MP),HDPE,FabricCoatings,0,0,0,0
Release,HDPE,FabricCoatings,0,0,0,0
Incineration,PP,FabricCoatings,0,0,0,0
Landfill,PP,FabricCoatings,0,0,0,0
Sludge amended soil,PP,FabricCoatings,0,0,0,0
Sludge amended soil (MP),PP,FabricCoatings,0,0,0,0
Release,PP,FabricCoatings,0,0,0,0
Incineration,PS,FabricCoatings,0,0,0,0
Landfill,PS,FabricCoatings,0,0,0,0
Sludge amended soil,PS,FabricCoatings,0,0,0,0
Sludge amended soil (MP),PS,FabricCoatings,0,0,0,0
Release,PS,FabricCoatings,0,0,0,0
Incineration,EPS,FabricCoatings,0,0,0,0
Landfill,EPS,FabricCoatings,0,0,0,0
Sludge amended soil,EPS,FabricCoatings,0,0,0,0
Sludge amended soil (MP),EPS,FabricCoatings,0,0,0,0
Release,EPS,FabricCoatings,0,0,0,0
Incineration,PVC,FabricCoatings,0,0,0,0
Landfill,PVC,FabricCoatings,0.0057603066997469095,0.0037965137112858332,0.09658220968173882,0.063655583363142
Sludge amended soil,PVC,FabricCoatings,9.571528070809628e-5,1.3078014950433035e-4,0.0016048439419904525,0.002192771406111302
Sludge amended soil (MP),PVC,FabricCoatings,0.051865731423433835,0.030744521800585102,0.8696250405998226,0.5154888456268076
Release,PVC,FabricCoatings,0.20508463518151235,0.10817874166898946,3.4386237174617835,1.813816946837233
Incineration,PET,FabricCoatings,0,0,0,0
Landfill,PET,FabricCoatings,0,0,0,0
Sludge amended soil,PET,FabricCoatings,0,0,0,0
Sludge amended soil (MP),PET,FabricCoatings,0,0,0,0
Release,PET,FabricCoatings,0,0,0,0
Incineration,LDPE,Cosmetics,0,0,0,0
Landfill,LDPE,Cosmetics,0,0,0,0
Sludge amended soil,LDPE,Cosmetics,0,0,0,0
Sludge amended soil (MP),LDPE,Cosmetics,0,0,0,0
Release,LDPE,Cosmetics,0,0,0,0
Incineration,HDPE,Cosmetics,0,0,0,0
Landfill,HDPE,Cosmetics,0.0019082711024751213,0.001348546403584974,0.031995699075702495,0.022610877910775366
Sludge amended soil,HDPE,Cosmetics,0,0,0,0
Sludge amended soil (MP),HDPE,Cosmetics,0.017211325753842887,0.011194373625576468,0.28857975095864286,0.18769440537057808
Release,HDPE,Cosmetics,0.004675210308846266,0.003868565274775209,0.07838855913263375,0.064863661261691
Incineration,PP,Cosmetics,0,0,0,0
Landfill,PP,Cosmetics,4.573537227381973e-6,3.308574678899739e-6,7.668382162735397e-5,5.547438184137423e-5
Sludge amended soil,PP,Cosmetics,0,0,0,0
Sludge amended soil (MP),PP,Cosmetics,4.111218624747282e-5,2.7111952688387372e-5,6.893219405839241e-4,4.545820970862996e-4
Release,PP,Cosmetics,1.1165725109319933e-5,9.163991543110161e-6,1.8721405993961675e-4,1.5365128957061167e-4
Incineration,PS,Cosmetics,0,0,0,0
Landfill,PS,Cosmetics,0,0,0,0
Sludge amended soil,PS,Cosmetics,0,0,0,0
Sludge amended soil (MP),PS,Cosmetics,0,0,0,0
Release,PS,Cosmetics,0,0,0,0
Incineration,EPS,Cosmetics,0,0,0,0
Landfill,EPS,Cosmetics,0,0,0,0
Sludge amended soil,EPS,Cosmetics,0,0,0,0
Sludge amended soil (MP),EPS,Cosmetics,0,0,0,0
Release,EPS,Cosmetics,0,0,0,0
Incineration,PVC,Cosmetics,0,0,0,0
Landfill,PVC,Cosmetics,0,0,0,0
Sludge amended soil,PVC,Cosmetics,0,0,0,0
Sludge amended soil (MP),PVC,Cosmetics,0,0,0,0
Release,PVC,Cosmetics,0,0,0,0
Incineration,PET,Cosmetics,0,0,0,0
Landfill,PET,Cosmetics,9.940183292804916e-6,7.118049816328153e-6,1.6666558173070593e-4,1.1934728751784584e-4
Sludge amended soil,PET,Cosmetics,0,0,0,0
Sludge amended soil (MP),PET,Cosmetics,8.979055315045233e-5,5.911323155852712e-5,0.0015055049121251356,9.91142802448643e-4
Release,PET,Cosmetics,2.4377698944719048e-5,1.9635058723203577e-5,4.08737269343767e-4,3.292181228476992e-4
Incineration,LDPE,ShotgunCartridges,0,0,0,0
Landfill,LDPE,ShotgunCartridges,3.1942000572034077e-9,4.3898398089124014e-9,5.355667949135353e-8,7.360379420634846e-8
Sludge amended soil,LDPE,ShotgunCartridges,2.873115448567864e-8,3.794180106406653e-8,4.817310139156596e-7,6.361645615559848e-7
Sludge amended soil (MP),LDPE,ShotgunCartridges,0,0,0,0
Release,LDPE,ShotgunCartridges,0.004873836003519931,0.0028546039294881434,0.08171888675077878,0.047862721491592285
Incineration,HDPE,ShotgunCartridges,0,0,0,0
Landfill,HDPE,ShotgunCartridges,0,0,0,0
Sludge amended soil,HDPE,ShotgunCartridges,0,0,0,0
Sludge amended soil (MP),HDPE,ShotgunCartridges,0,0,0,0
Release,HDPE,ShotgunCartridges,0,0,0,0
Incineration,PP,ShotgunCartridges,0,0,0,0
Landfill,PP,ShotgunCartridges,0,0,0,0
Sludge amended soil,PP,ShotgunCartridges,0,0,0,0
Sludge amended soil (MP),PP,ShotgunCartridges,0,0,0,0
Release,PP,ShotgunCartridges,0,0,0,0
Incineration,PS,ShotgunCartridges,0,0,0,0
Landfill,PS,ShotgunCartridges,0,0,0,0
Sludge amended soil,PS,ShotgunCartridges,0,0,0,0
Sludge amended soil (MP),PS,ShotgunCartridges,0,0,0,0
Release,PS,ShotgunCartridges,0,0,0,0
Incineration,EPS,ShotgunCartridges,0,0,0,0
Landfill,EPS,ShotgunCartridges,0,0,0,0
Sludge amended soil,EPS,ShotgunCartridges,0,0,0,0
Sludge amended soil (MP),EPS,ShotgunCartridges,0,0,0,0
Release,EPS,ShotgunCartridges,0,0,0,0
Incineration,PVC,ShotgunCartridges,0,0,0,0
Landfill,PVC,ShotgunCartridges,0,0,0,0
Sludge amended soil,PVC,ShotgunCartridges,0,0,0,0
Sludge amended soil (MP),PVC,ShotgunCartridges,0,0,0,0
Release,PVC,ShotgunCartridges,0,0,0,0
Incineration,PET,ShotgunCartridges,0,0,0,0
Landfill,PET,ShotgunCartridges,0,0,0,0
Sludge amended soil,PET,ShotgunCartridges,0,0,0,0
Sludge amended soil (MP),PET,ShotgunCartridges,0,0,0,0
Release,PET,ShotgunCartridges,0,0,0,0
Incineration,LDPE,OtherOther,0,0,0,0
Landfill,LDPE,OtherOther,4.19908169008304e-5,5.597822080217626e-5,7.040538106767288e-4,9.385785412023297e-4
Sludge amended soil,LDPE,OtherOther,3.769027533314594e-4,4.7919624623775673e-4,0.0063194726686138245,0.008034612520696276
Sludge amended soil (MP),LDPE,OtherOther,0,0,0,0
Release,LDPE,OtherOther,0.2290616710266254,0.17127769962485354,3.8406431279284217,2.871787833745086
Incineration,HDPE,OtherOther,0,0,0,0
Landfill,HDPE,OtherOther,3.7152256827528556e-5,5.0546217145475734e-5,6.229263902256858e-4,8.475009400415318e-4
Sludge amended soil,HDPE,OtherOther,3.350478499380968e-4,4.348124335814646e-4,0.00561769769959624,0.0072904357044456134
Sludge amended soil (MP),HDPE,OtherOther,0,0,0,0
Release,HDPE,OtherOther,0.2001474582330078,0.14773970707472134,3.3558428024634095,2.477129797209643
Incineration,PP,OtherOther,0,0,0,0
Landfill,PP,OtherOther,9.387013535710457e-5,1.259469964121117e-4,0.001573906663044768,0.002111734643711634
Sludge amended soil,PP,OtherOther,8.425705641567755e-4,0.0010905708252692751,0.01412725591549251,0.018285439579731395
Sludge amended soil (MP),PP,OtherOther,0,0,0,0
Release,PP,OtherOther,0.511334048839628,0.3785497796274621,8.573462299257656,6.347088114693954
Incineration,PS,OtherOther,0,0,0,0
Landfill,PS,OtherOther,3.719550848652536e-5,4.998293592186138e-5,6.236515843891312e-4,8.380564871530599e-4
Sludge amended soil,PS,OtherOther,3.3377958404316716e-4,4.272714134457045e-4,0.005596432873089403,0.007163996536198166
Sludge amended soil (MP),PS,OtherOther,0,0,0,0
Release,PS,OtherOther,0.19997897903343564,0.15018493431185792,3.3530179366657595,2.518128560304497
Incineration,EPS,OtherOther,0,0,0,0
Landfill,EPS,OtherOther,2.2644271743126348e-6,3.1104540139487955e-6,3.796731520703566e-5,5.215252198182573e-5
Sludge amended soil,EPS,OtherOther,2.028505306805575e-5,2.6482238808947614e-5,3.401164818029985e-4,4.4402377769226035e-4
Sludge amended soil (MP),EPS,OtherOther,0,0,0,0
Release,EPS,OtherOther,0.01184524613539911,0.00886995167944271,0.19860748838793407,0.14872116670601362
Incineration,PVC,OtherOther,0,0,0,0
Landfill,PVC,OtherOther,3.88619640896123e-5,5.276943740477746e-5,6.515927987848375e-4,8.847773450048306e-4
Sludge amended soil,PVC,OtherOther,3.5012838975133424e-4,4.5205892112790163e-4,0.0058705508781292355,0.007579605007975348
Sludge amended soil (MP),PVC,OtherOther,0,0,0,0
Release,PVC,OtherOther,0.21298415182260477,0.16068589806210024,3.571073743542495,2.6941966649473974
Incineration,PET,OtherOther,0,0,0,0
Landfill,PET,OtherOther,5.525109418113166e-6,7.313449247014784e-6,9.263869167907357e-5,1.2262352084533478e-4
Sludge amended soil,PET,OtherOther,4.9722956247279605e-5,6.414688015784261e-5,8.336974464366082e-4,0.0010755412433345495
Sludge amended soil (MP),PET,OtherOther,0,0,0,0
Release,PET,OtherOther,0.029584561476410583,0.021842326218336348,0.4960399625913187,0.36622705017581636
Incineration,LDPE,FishingGearOcean,0,0,0,0
Landfill,LDPE,FishingGearOcean,0,0,0,0
Sludge amended soil,LDPE,FishingGearOcean,0,0,0,0
Sludge amended soil (MP),LDPE,FishingGearOcean,0,0,0,0
Release,LDPE,FishingGearOcean,0.019145894307555436,0.009124739321300661,0.32101637550618184,0.15299315337841102
Incineration,HDPE,FishingGearOcean,0,0,0,0
Landfill,HDPE,FishingGearOcean,0,0,0,0
Sludge amended soil,HDPE,FishingGearOcean,0,0,0,0
Sludge amended soil (MP),HDPE,FishingGearOcean,0,0,0,0
Release,HDPE,FishingGearOcean,0.019423043012765134,0.009251621461928221,0.32566328681747736,0.15512056744674482
Incineration,PP,FishingGearOcean,0,0,0,0
Landfill,PP,FishingGearOcean,0,0,0,0
Sludge amended soil,PP,FishingGearOcean,0,0,0,0
Sludge amended soil (MP),PP,FishingGearOcean,0,0,0,0
Release,PP,FishingGearOcean,0.004007383366467453,9.100546780949801e-4,0.06719120365453413,0.015258752063579972
Incineration,PS,FishingGearOcean,0,0,0,0
Landfill,PS,FishingGearOcean,0,0,0,0
Sludge amended soil,PS,FishingGearOcean,0,0,0,0
Sludge amended soil (MP),PS,FishingGearOcean,0,0,0,0
Release,PS,FishingGearOcean,0,0,0,0
Incineration,EPS,FishingGearOcean,0,0,0,0
Landfill,EPS,FishingGearOcean,0,0,0,0
Sludge amended soil,EPS,FishingGearOcean,0,0,0,0
Sludge amended soil (MP),EPS,FishingGearOcean,0,0,0,0
Release,EPS,FishingGearOcean,0,0,0,0
Incineration,PVC,FishingGearOcean,0,0,0,0
Landfill,PVC,FishingGearOcean,0,0,0,0
Sludge amended soil,PVC,FishingGearOcean,0,0,0,0
Sludge amended soil (MP),PVC,FishingGearOcean,0,0,0,0
Release,PVC,FishingGearOcean,0,0,0,0
Incineration,PET,FishingGearOcean,0,0,0,0
Landfill,PET,FishingGearOcean,0,0,0,0
Sludge amended soil,PET,FishingGearOcean,0,0,0,0
Sludge amended soil (MP),PET,FishingGearOcean,0,0,0,0
Release,PET,FishingGearOcean,0,0,0,0
Incineration,LDPE,FishingGearInland,0,0,0,0
Landfill,LDPE,FishingGearInland,0,0,0,0
Sludge amended soil,LDPE,FishingGearInland,0,0,0,0
Sludge amended soil (MP),LDPE,FishingGearInland,0,0,0,0
Release,LDPE,FishingGearInland,4.2896731637636737e-05,1.576586549853071e-5,7.19243148957597e-4,2.643439328430355e-4
Incineration,HDPE,FishingGearInland,0,0,0,0
Landfill,HDPE,FishingGearInland,0,0,0,0
Sludge amended soil,HDPE,FishingGearInland,0,0,0,0
Sludge amended soil (MP),HDPE,FishingGearInland,0,0,0,0
Release,HDPE,FishingGearInland,4.301784650073197e-5,1.593777533602527e-5,7.212738639373311e-4,2.6722631963886065e-4
Incineration,PP,FishingGearInland,0,0,0,0
Landfill,PP,FishingGearInland,0,0,0,0
Sludge amended soil,PP,FishingGearInland,0,0,0,0
Sludge amended soil (MP),PP,FishingGearInland,0,0,0,0
Release,PP,FishingGearInland,1.8787697682010314e-5,6.897654102113142e-6,3.150105457129157e-4,1.1565194520487385e-4
Incineration,PS,FishingGearInland,0,0,0,0
Landfill,PS,FishingGearInland,0,0,0,0
Sludge amended soil,PS,FishingGearInland,0,0,0,0
Sludge amended soil (MP),PS,FishingGearInland,0,0,0,0
Release,PS,FishingGearInland,0,0,0,0
Incineration,EPS,FishingGearInland,0,0,0,0
Landfill,EPS,FishingGearInland,0,0,0,0
Sludge amended soil,EPS,FishingGearInland,0,0,0,0
Sludge amended soil (MP),EPS,FishingGearInland,0,0,0,0
Release,EPS,FishingGearInland,0,0,0,0
Incineration,PVC,FishingGearInland,0,0,0,0
Landfill,PVC,FishingGearInland,0,0,0,0
Sludge amended soil,PVC,FishingGearInland,0,0,0,0
Sludge amended soil (MP),PVC,FishingGearInland,0,0,0,0
Release,PVC,FishingGearInland,0,0,0,0
Incineration,PET,FishingGearInland,0,0,0,0
Landfill,PET,FishingGearInland,0,0,0,0
Sludge amended soil,PET,FishingGearInland,0,0,0,0
Sludge amended soil (MP),PET,FishingGearInland,0,0,0,0
Release,PET,FishingGearInland,0,0,0,0
Incineration,LDPE,FishingGearAqua,0,0,0,0
Landfill,LDPE,FishingGearAqua,0,0,0,0
Sludge amended soil,LDPE,FishingGearAqua,0,0,0,0
Sludge amended soil (MP),LDPE,FishingGearAqua,0,0,0,0
Release,LDPE,FishingGearAqua,0,0,0,0
Incineration,HDPE,FishingGearAqua,0,0,0,0
Landfill,HDPE,FishingGearAqua,0,0,0,0
Sludge amended soil,HDPE,FishingGearAqua,0,0,0,0
Sludge amended soil (MP),HDPE,FishingGearAqua,0,0,0,0
Release,HDPE,FishingGearAqua,0,0,0,0
Incineration,PP,FishingGearAqua,0,0,0,0
Landfill,PP,FishingGearAqua,0,0,0,0
Sludge amended soil,PP,FishingGearAqua,0,0,0,0
Sludge amended soil (MP),PP,FishingGearAqua,0,0,0,0
Release,PP,FishingGearAqua,0,0,0,0
Incineration,PS,FishingGearAqua,0,0,0,0
Landfill,PS,FishingGearAqua,0,0,0,0
Sludge amended soil,PS,FishingGearAqua,0,0,0,0
Sludge amended soil (MP),PS,FishingGearAqua,0,0,0,0
Release,PS,FishingGearAqua,0,0,0,0
Incineration,EPS,FishingGearAqua,0,0,0,0
Landfill,EPS,FishingGearAqua,0,0,0,0
Sludge amended soil,EPS,FishingGearAqua,0,0,0,0
Sludge amended soil (MP),EPS,FishingGearAqua,0,0,0,0
Release,EPS,FishingGearAqua,0,0,0,0
Incineration,PVC,FishingGearAqua,0,0,0,0
Landfill,PVC,FishingGearAqua,0,0,0,0
Sludge amended soil,PVC,FishingGearAqua,0,0,0,0
Sludge amended soil (MP),PVC,FishingGearAqua,0,0,0,0
Release,PVC,FishingGearAqua,0,0,0,0
Incineration,PET,FishingGearAqua,0,0,0,0
Landfill,PET,FishingGearAqua,0,0,0,0
Sludge amended soil,PET,FishingGearAqua,0,0,0,0
Sludge amended soil (MP),PET,FishingGearAqua,0,0,0,0
Release,PET,FishingGearAqua,0,0,0,0
Incineration,LDPE,ApparelPC,0,0,0,0
Landfill,LDPE,ApparelPC,0,0,0,0
Sludge amended soil,LDPE,ApparelPC,0,0,0,0
Sludge amended soil (MP),LDPE,ApparelPC,0,0,0,0
Release,LDPE,ApparelPC,0,0,0,0
Incineration,HDPE,ApparelPC,0,0,0,0
Landfill,HDPE,ApparelPC,5.544562148574336e-6,2.838432368724269e-6,9.296485273094354e-5,4.759157532629415e-5
Sludge amended soil,HDPE,ApparelPC,4.08120991757944e-8,5.2008650698909073e-8,6.842904250778317e-7,8.72021346934018e-7
Sludge amended soil (MP),HDPE,ApparelPC,4.98109525905152e-5,2.1820356913110297e-5,8.351728680967048e-4,3.658586940874161e-4
Release,HDPE,ApparelPC,5.976592273336234e-5,3.4022035869078616e-5,0.0010020863787530308,5.704424388116979e-4
Incineration,PP,ApparelPC,0,0,0,0
Landfill,PP,ApparelPC,0.0036842848695008068,0.0019080432100812821,0.06177385898723396,0.03199187803767207
Sludge amended soil,PP,ApparelPC,2.7071076070056374e-5,3.5056507065487795e-5,4.5389672487809783e-4,5.87787264219293e-4
Sludge amended soil (MP),PP,ApparelPC,0.03315014464303964,0.014681689338555992,0.5558235676990427,0.2461657116696349
Release,PP,ApparelPC,0.040030202991472946,0.023004577729654134,0.6711804875068332,0.38571434920695025
Incineration,PS,ApparelPC,0,0,0,0
Landfill,PS,ApparelPC,0,0,0,0
Sludge amended soil,PS,ApparelPC,0,0,0,0
Sludge amended soil (MP),PS,ApparelPC,0,0,0,0
Release,PS,ApparelPC,0,0,0,0
Incineration,EPS,ApparelPC,0,0,0,0
Landfill,EPS,ApparelPC,0,0,0,0
Sludge amended soil,EPS,ApparelPC,0,0,0,0
Sludge amended soil (MP),EPS,ApparelPC,0,0,0,0
Release,EPS,ApparelPC,0,0,0,0
Incineration,PVC,ApparelPC,0,0,0,0
Landfill,PVC,ApparelPC,0,0,0,0
Sludge amended soil,PVC,ApparelPC,0,0,0,0
Sludge amended soil (MP),PVC,ApparelPC,0,0,0,0
Release,PVC,ApparelPC,0,0,0,0
Incineration,PET,ApparelPC,0,0,0,0
Landfill,PET,ApparelPC,0.04643355956850904,0.023936458206979552,0.7785446192842982,0.4013390512151466
Sludge amended soil,PET,ApparelPC,3.435033799271007e-4,4.405755772947106e-4,0.005759470319169446,0.0073870654819127015
Sludge amended soil (MP),PET,ApparelPC,0.41848785593151844,0.1867599881990449,7.016723927671261,3.13137707427831
Release,PET,ApparelPC,0.5051712010672985,0.2896649774676707,8.470130743003905,4.856769795342308
Incineration,LDPE,HouseholdTextilesPC,0,0,0,0
Landfill,LDPE,HouseholdTextilesPC,0,0,0,0
Sludge amended soil,LDPE,HouseholdTextilesPC,0,0,0,0
Sludge amended soil (MP),LDPE,HouseholdTextilesPC,0,0,0,0
Release,LDPE,HouseholdTextilesPC,0,0,0,0
Incineration,HDPE,HouseholdTextilesPC,0,0,0,0
Landfill,HDPE,HouseholdTextilesPC,5.417996065790104e-7,3.063590648776659e-7,9.08427379576798e-6,5.136677087561362e-6
Sludge amended soil,HDPE,HouseholdTextilesPC,4.067819412531515e-8,5.2362204414344544e-8,6.820452589196827e-7,8.779493297408097e-7
Sludge amended soil (MP),HDPE,HouseholdTextilesPC,4.837671992412022e-6,2.4119691421997126e-6,8.111253013023454e-5,4.044112954055929e-5
Release,HDPE,HouseholdTextilesPC,3.313343953386987e-5,2.1998528009145685e-5,5.555434756066091e-4,3.6884606247828165e-4
Incineration,PP,HouseholdTextilesPC,0,0,0,0
Landfill,PP,HouseholdTextilesPC,7.13565464444327e-4,3.9929480699622176e-4,0.011964246506464207,0.00669491691750249
Sludge amended soil,PP,HouseholdTextilesPC,5.378116511063647e-5,7.105147172187048e-5,9.017408336733059e-4,0.001191309507936329
Sludge amended soil (MP),PP,HouseholdTextilesPC,0.0063822741468412365,0.0031798613804107138,0.10701064579142017,0.05331626502026096
Release,PP,HouseholdTextilesPC,0.04396652173353009,0.029624350417677227,0.7371801611242512,0.4967070978792016
Incineration,PS,HouseholdTextilesPC,0,0,0,0
Landfill,PS,HouseholdTextilesPC,0,0,0,0
Sludge amended soil,PS,HouseholdTextilesPC,0,0,0,0
Sludge amended soil (MP),PS,HouseholdTextilesPC,0,0,0,0
Release,PS,HouseholdTextilesPC,0,0,0,0
Incineration,EPS,HouseholdTextilesPC,0,0,0,0
Landfill,EPS,HouseholdTextilesPC,0,0,0,0
Sludge amended soil,EPS,HouseholdTextilesPC,0,0,0,0
Sludge amended soil (MP),EPS,HouseholdTextilesPC,0,0,0,0
Release,EPS,HouseholdTextilesPC,0,0,0,0
Incineration,PVC,HouseholdTextilesPC,0,0,0,0
Landfill,PVC,HouseholdTextilesPC,0,0,0,0
Sludge amended soil,PVC,HouseholdTextilesPC,0,0,0,0
Sludge amended soil (MP),PVC,HouseholdTextilesPC,0,0,0,0
Release,PVC,HouseholdTextilesPC,0,0,0,0
Incineration,PET,HouseholdTextilesPC,0,0,0,0
Landfill,PET,HouseholdTextilesPC,0.001839432118760321,0.001048645113121211,0.030841486026645094,0.01758247737080622
Sludge amended soil,PET,HouseholdTextilesPC,1.3929789271267053e-4,1.8056717455974824e-4,0.0023355871455231054,0.003027543084769251
Sludge amended soil (MP),PET,HouseholdTextilesPC,0.016411854579634084,0.008158493194765144,0.2751751361339959,0.13679224761738246
Release,PET,HouseholdTextilesPC,0.1124310111006575,0.07425824333967762,1.8851141188941745,1.245076972923238
Incineration,LDPE,HygieneMedicalTextiles,0,0,0,0
Landfill,LDPE,HygieneMedicalTextiles,0,0,0,0
Sludge amended soil,LDPE,HygieneMedicalTextiles,0,0,0,0
Sludge amended soil (MP),LDPE,HygieneMedicalTextiles,0,0,0,0
Release,LDPE,HygieneMedicalTextiles,0,0,0,0
Incineration,HDPE,HygieneMedicalTextiles,0,0,0,0
Landfill,HDPE,HygieneMedicalTextiles,0,0,0,0
Sludge amended soil,HDPE,HygieneMedicalTextiles,0,0,0,0
Sludge amended soil (MP),HDPE,HygieneMedicalTextiles,0,0,0,0
Release,HDPE,HygieneMedicalTextiles,0,0,0,0
Incineration,PP,HygieneMedicalTextiles,0,0,0,0
Landfill,PP,HygieneMedicalTextiles,0,0,0,0
Sludge amended soil,PP,HygieneMedicalTextiles,0,0,0,0
Sludge amended soil (MP),PP,HygieneMedicalTextiles,0,0,0,0
Release,PP,HygieneMedicalTextiles,0,0,0,0
Incineration,PS,HygieneMedicalTextiles,0,0,0,0
Landfill,PS,HygieneMedicalTextiles,0,0,0,0
Sludge amended soil,PS,HygieneMedicalTextiles,0,0,0,0
Sludge amended soil (MP),PS,HygieneMedicalTextiles,0,0,0,0
Release,PS,HygieneMedicalTextiles,0,0,0,0
Incineration,EPS,HygieneMedicalTextiles,0,0,0,0
Landfill,EPS,HygieneMedicalTextiles,0,0,0,0
Sludge amended soil,EPS,HygieneMedicalTextiles,0,0,0,0
Sludge amended soil (MP),EPS,HygieneMedicalTextiles,0,0,0,0
Release,EPS,HygieneMedicalTextiles,0,0,0,0
Incineration,PVC,HygieneMedicalTextiles,0,0,0,0
Landfill,PVC,HygieneMedicalTextiles,0,0,0,0
Sludge amended soil,PVC,HygieneMedicalTextiles,0,0,0,0
Sludge amended soil (MP),PVC,HygieneMedicalTextiles,0,0,0,0
Release,PVC,HygieneMedicalTextiles,0,0,0,0
Incineration,PET,HygieneMedicalTextiles,0,0,0,0
Landfill,PET,HygieneMedicalTextiles,0,0,0,0
Sludge amended soil,PET,HygieneMedicalTextiles,0,0,0,0
Sludge amended soil (MP),PET,HygieneMedicalTextiles,0,0,0,0
Release,PET,HygieneMedicalTextiles,0,0,0,0
Incineration,LDPE,DisposableCleaningCloths,0,0,0,0
Landfill,LDPE,DisposableCleaningCloths,0,0,0,0
Sludge amended soil,LDPE,DisposableCleaningCloths,0,0,0,0
Sludge amended soil (MP),LDPE,DisposableCleaningCloths,0,0,0,0
Release,LDPE,DisposableCleaningCloths,0,0,0,0
Incineration,HDPE,DisposableCleaningCloths,0,0,0,0
Landfill,HDPE,DisposableCleaningCloths,0,0,0,0
Sludge amended soil,HDPE,DisposableCleaningCloths,0,0,0,0
Sludge amended soil (MP),HDPE,DisposableCleaningCloths,0,0,0,0
Release,HDPE,DisposableCleaningCloths,0,0,0,0
Incineration,PP,DisposableCleaningCloths,0,0,0,0
Landfill,PP,DisposableCleaningCloths,0,0,0,0
Sludge amended soil,PP,DisposableCleaningCloths,0,0,0,0
Sludge amended soil (MP),PP,DisposableCleaningCloths,0,0,0,0
Release,PP,DisposableCleaningCloths,0,0,0,0
Incineration,PS,DisposableCleaningCloths,0,0,0,0
Landfill,PS,DisposableCleaningCloths,0,0,0,0
Sludge amended soil,PS,DisposableCleaningCloths,0,0,0,0
Sludge amended soil (MP),PS,DisposableCleaningCloths,0,0,0,0
Release,PS,DisposableCleaningCloths,0,0,0,0
Incineration,EPS,DisposableCleaningCloths,0,0,0,0
Landfill,EPS,DisposableCleaningCloths,0,0,0,0
Sludge amended soil,EPS,DisposableCleaningCloths,0,0,0,0
Sludge amended soil (MP),EPS,DisposableCleaningCloths,0,0,0,0
Release,EPS,DisposableCleaningCloths,0,0,0,0
Incineration,PVC,DisposableCleaningCloths,0,0,0,0
Landfill,PVC,DisposableCleaningCloths,0,0,0,0
Sludge amended soil,PVC,DisposableCleaningCloths,0,0,0,0
Sludge amended soil (MP),PVC,DisposableCleaningCloths,0,0,0,0
Release,PVC,DisposableCleaningCloths,0,0,0,0
Incineration,PET,DisposableCleaningCloths,0,0,0,0
Landfill,PET,DisposableCleaningCloths,5.592513556967879e-4,7.36225971391172e-4,0.009376884689677558,0.012344191871791864
Sludge amended soil,PET,DisposableCleaningCloths,0.005026112224511292,0.0063432105906510656,0.08427207960524546,0.10635567292772885
Sludge amended soil (MP),PET,DisposableCleaningCloths,0,0,0,0
Release,PET,DisposableCleaningCloths,0.004186139105447948,0.004789554919092265,0.07018837466711006,0.08030575828510961
Incineration,LDPE,WetWipes,0,0,0,0
Landfill,LDPE,WetWipes,0,0,0,0
Sludge amended soil,LDPE,WetWipes,0,0,0,0
Sludge amended soil (MP),LDPE,WetWipes,0,0,0,0
Release,LDPE,WetWipes,0,0,0,0
Incineration,HDPE,WetWipes,0,0,0,0
Landfill,HDPE,WetWipes,0.010048008691427152,0.012734906431345656,0.16847347422698697,0.21352429086520536
Sludge amended soil,HDPE,WetWipes,0.09042060556566273,0.10915604023746284,1.5160689076983245,1.8302031672560355
Sludge amended soil (MP),HDPE,WetWipes,0,0,0,0
Release,HDPE,WetWipes,0.004236444469580981,0.003797723172360854,0.07103183726034772,0.06367586221793886
Incineration,PP,WetWipes,0,0,0,0
Landfill,PP,WetWipes,0.021365739135470106,0.0270262368748379,0.358236185111111,0.45314491272984164
Sludge amended soil,PP,WetWipes,0.19176745813919824,0.2302814424918812,3.2153365814615196,3.8610948555120084
Sludge amended soil (MP),PP,WetWipes,0,0,0,0
Release,PP,WetWipes,0.008974454188338258,0.008186507706008239,0.1504733448021662,0.13726196278014122
Incineration,PS,WetWipes,0,0,0,0
Landfill,PS,WetWipes,0,0,0,0
Sludge amended soil,PS,WetWipes,0,0,0,0
Sludge amended soil (MP),PS,WetWipes,0,0,0,0
Release,PS,WetWipes,0,0,0,0
Incineration,EPS,WetWipes,0,0,0,0
Landfill,EPS,WetWipes,0,0,0,0
Sludge amended soil,EPS,WetWipes,0,0,0,0
Sludge amended soil (MP),EPS,WetWipes,0,0,0,0
Release,EPS,WetWipes,0,0,0,0
Incineration,PVC,WetWipes,0,0,0,0
Landfill,PVC,WetWipes,0,0,0,0
Sludge amended soil,PVC,WetWipes,0,0,0,0
Sludge amended soil (MP),PVC,WetWipes,0,0,0,0
Release,PVC,WetWipes,0,0,0,0
Incineration,PET,WetWipes,0,0,0,0
Landfill,PET,WetWipes,0.031835765534728,0.04061731660470043,0.5337855677700061,0.6810245345438133
Sludge amended soil,PET,WetWipes,0.2851286702382128,0.3459059272166769,4.780710203578637,5.799753473901873
Sludge amended soil (MP),PET,WetWipes,0,0,0,0
Release,PET,WetWipes,0.013128482387953246,0.012124913452910545,0.22012332066485743,0.20329662889883876
Incineration,LDPE,Tampons,0,0,0,0
Landfill,LDPE,Tampons,0,0,0,0
Sludge amended soil,LDPE,Tampons,0,0,0,0
Sludge amended soil (MP),LDPE,Tampons,0,0,0,0
Release,LDPE,Tampons,0,0,0,0
Incineration,HDPE,Tampons,0,0,0,0
Landfill,HDPE,Tampons,0.004649396781340178,0.006168818552573112,0.07795574753836085,0.10343166744218574
Sludge amended soil,HDPE,Tampons,0.04194722683399067,0.05249820891313824,0.7033229424790789,0.8802296970380458
Sludge amended soil (MP),HDPE,Tampons,0,0,0,0
Release,HDPE,Tampons,0.0012697276253900152,0.001512398117305585,0.021289335125072924,0.025358155338203247
Incineration,PP,Tampons,0,0,0,0
Landfill,PP,Tampons,0.004430825216550701,0.006272423659290483,0.07429099046876063,0.10516879892886782
Sludge amended soil,PP,Tampons,0.039570516885919865,0.05298514667418299,0.6634729986267255,0.8883941103914609
Sludge amended soil (MP),PP,Tampons,0,0,0,0
Release,PP,Tampons,0.0011906688405755336,0.0015587494328944504,0.0199637681839114,0.02613532098485622
Incineration,PS,Tampons,0,0,0,0
Landfill,PS,Tampons,0,0,0,0
Sludge amended soil,PS,Tampons,0,0,0,0
Sludge amended soil (MP),PS,Tampons,0,0,0,0
Release,PS,Tampons,0,0,0,0
Incineration,EPS,Tampons,0,0,0,0
Landfill,EPS,Tampons,0,0,0,0
Sludge amended soil,EPS,Tampons,0,0,0,0
Sludge amended soil (MP),EPS,Tampons,0,0,0,0
Release,EPS,Tampons,0,0,0,0
Incineration,PVC,Tampons,0,0,0,0
Landfill,PVC,Tampons,0,0,0,0
Sludge amended soil,PVC,Tampons,0,0,0,0
Sludge amended soil (MP),PVC,Tampons,0,0,0,0
Release,PVC,Tampons,0,0,0,0
Incineration,PET,Tampons,0,0,0,0
Landfill,PET,Tampons,0.006048000821909709,0.00786108192627248,0.10140593443794878,0.13180559690718113
Sludge amended soil,PET,Tampons,0.05409020028230605,0.0659312179638089,0.9069223806472778,1.1054589711747114
Sludge amended soil (MP),PET,Tampons,0,0,0,0
Release,PET,Tampons,0.0016138964425889768,0.0019000348191079916,0.027059962732468662,0.03185760253178109
Incineration,LDPE,PantyLiners,0,0,0,0
Landfill,LDPE,PantyLiners,0,0,0,0
Sludge amended soil,LDPE,PantyLiners,0,0,0,0
Sludge amended soil (MP),LDPE,PantyLiners,0,0,0,0
Release,LDPE,PantyLiners,0,0,0,0
Incineration,HDPE,PantyLiners,0,0,0,0
Landfill,HDPE,PantyLiners,0,0,0,0
Sludge amended soil,HDPE,PantyLiners,0,0,0,0
Sludge amended soil (MP),HDPE,PantyLiners,0,0,0,0
Release,HDPE,PantyLiners,0,0,0,0
Incineration,PP,PantyLiners,0,0,0,0
Landfill,PP,PantyLiners,0.008717719646847706,0.01220006432677078,0.146168714751847,0.20455667247555562
Sludge amended soil,PP,PantyLiners,0.07823616880279269,0.10432116565716817,1.3117742602731959,1.7491375409206453
Sludge amended soil (MP),PP,PantyLiners,0,0,0,0
Release,PP,PantyLiners,0.002729432529134449,0.0032975401417914647,0.04576399115217328,0.05528936739122713
Incineration,PS,PantyLiners,0,0,0,0
Landfill,PS,PantyLiners,0,0,0,0
Sludge amended soil,PS,PantyLiners,0,0,0,0
Sludge amended soil (MP),PS,PantyLiners,0,0,0,0
Release,PS,PantyLiners,0,0,0,0
Incineration,EPS,PantyLiners,0,0,0,0
Landfill,EPS,PantyLiners,0,0,0,0
Sludge amended soil,EPS,PantyLiners,0,0,0,0
Sludge amended soil (MP),EPS,PantyLiners,0,0,0,0
Release,EPS,PantyLiners,0,0,0,0
Incineration,PVC,PantyLiners,0,0,0,0
Landfill,PVC,PantyLiners,0,0,0,0
Sludge amended soil,PVC,PantyLiners,0,0,0,0
Sludge amended soil (MP),PVC,PantyLiners,0,0,0,0
Release,PVC,PantyLiners,0,0,0,0
Incineration,PET,PantyLiners,0,0,0,0
Landfill,PET,PantyLiners,0,0,0,0
Sludge amended soil,PET,PantyLiners,0,0,0,0
Sludge amended soil (MP),PET,PantyLiners,0,0,0,0
Release,PET,PantyLiners,0,0,0,0
Incineration,LDPE,SanitaryNapkins,0,0,0,0
Landfill,LDPE,SanitaryNapkins,0,0,0,0
Sludge amended soil,LDPE,SanitaryNapkins,0,0,0,0
Sludge amended soil (MP),LDPE,SanitaryNapkins,0,0,0,0
Release,LDPE,SanitaryNapkins,0,0,0,0
Incineration,HDPE,SanitaryNapkins,0,0,0,0
Landfill,HDPE,SanitaryNapkins,0.013679746820223621,0.020066638975282734,0.22936628979182447,0.33645436504338616
Sludge amended soil,HDPE,SanitaryNapkins,0.12364322063733839,0.1729828583087596,2.0731075763458215,2.9003779769673015
Sludge amended soil (MP),HDPE,SanitaryNapkins,0,0,0,0
Release,HDPE,SanitaryNapkins,0.006513754382705928,0.0074543517478067945,0.10921515544189521,0.1249860122169788
Incineration,PP,SanitaryNapkins,0,0,0,0
Landfill,PP,SanitaryNapkins,0.013840291247777229,0.02133658004671972,0.2320581144416992,0.3577472789867302
Sludge amended soil,PP,SanitaryNapkins,0.12359015006672425,0.1816316229010802,2.072217749944875,3.0453905325279647
Sludge amended soil (MP),PP,SanitaryNapkins,0,0,0,0
Release,PP,SanitaryNapkins,0.006448784509310653,0.00783191929471393,0.10812581519278414,0.13131663138106028
Incineration,PS,SanitaryNapkins,0,0,0,0
Landfill,PS,SanitaryNapkins,0,0,0,0
Sludge amended soil,PS,SanitaryNapkins,0,0,0,0
Sludge amended soil (MP),PS,SanitaryNapkins,0,0,0,0
Release,PS,SanitaryNapkins,0,0,0,0
Incineration,EPS,SanitaryNapkins,0,0,0,0
Landfill,EPS,SanitaryNapkins,0,0,0,0
Sludge amended soil,EPS,SanitaryNapkins,0,0,0,0
Sludge amended soil (MP),EPS,SanitaryNapkins,0,0,0,0
Release,EPS,SanitaryNapkins,0,0,0,0
Incineration,PVC,SanitaryNapkins,0,0,0,0
Landfill,PVC,SanitaryNapkins,0,0,0,0
Sludge amended soil,PVC,SanitaryNapkins,0,0,0,0
Sludge amended soil (MP),PVC,SanitaryNapkins,0,0,0,0
Release,PVC,SanitaryNapkins,0,0,0,0
Incineration,PET,SanitaryNapkins,0,0,0,0
Landfill,PET,SanitaryNapkins,0.008061839347812376,0.013359825569118721,0.13517166687411247,0.22400221753553035
Sludge amended soil,PET,SanitaryNapkins,0.07212777067051618,0.11360251319397965,1.2093556530735146,1.9047565210643242
Sludge amended soil (MP),PET,SanitaryNapkins,0,0,0,0
Release,PET,SanitaryNapkins,0.003639683334251884,0.0048790327071231,0.06102603164850421,0.0818060191107757
Incineration,LDPE,Agrotextiles,0,0,0,0
Landfill,LDPE,Agrotextiles,0,0,0,0
Sludge amended soil,LDPE,Agrotextiles,0,0,0,0
Sludge amended soil (MP),LDPE,Agrotextiles,0,0,0,0
Release,LDPE,Agrotextiles,0,0,0,0
Incineration,HDPE,Agrotextiles,0,0,0,0
Landfill,HDPE,Agrotextiles,1.0064705545231955e-6,1.4246415635158907e-6,1.687534279029382e-5,2.3886754192247697e-5
Sludge amended soil,HDPE,Agrotextiles,9.097267777493704e-6,1.2669955707802897e-5,1.5253254207027336e-4,2.124352716988365e-4
Sludge amended soil (MP),HDPE,Agrotextiles,0,0,0,0
Release,HDPE,Agrotextiles,0.03225999712614138,0.023595787243274182,0.540898596060202,0.3956270715994575
Incineration,PP,Agrotextiles,0,0,0,0
Landfill,PP,Agrotextiles,7.549859207827801e-6,1.0491350377657458e-5,1.265873716602745e-4,1.759069186479294e-4
Sludge amended soil,PP,Agrotextiles,6.779065659382861e-5,9.12998488709974e-5,0.0011366359034138888,0.0015308110500361325
Sludge amended soil (MP),PP,Agrotextiles,0,0,0,0
Release,PP,Agrotextiles,0.24813887127025624,0.172685818901664,4.1605077202342144,2.895397561202095
Incineration,PS,Agrotextiles,0,0,0,0
Landfill,PS,Agrotextiles,0,0,0,0
Sludge amended soil,PS,Agrotextiles,0,0,0,0
Sludge amended soil (MP),PS,Agrotextiles,0,0,0,0
Release,PS,Agrotextiles,0,0,0,0
Incineration,EPS,Agrotextiles,0,0,0,0
Landfill,EPS,Agrotextiles,0,0,0,0
Sludge amended soil,EPS,Agrotextiles,0,0,0,0
Sludge amended soil (MP),EPS,Agrotextiles,0,0,0,0
Release,EPS,Agrotextiles,0,0,0,0
Incineration,PVC,Agrotextiles,0,0,0,0
Landfill,PVC,Agrotextiles,0,0,0,0
Sludge amended soil,PVC,Agrotextiles,0,0,0,0
Sludge amended soil (MP),PVC,Agrotextiles,0,0,0,0
Release,PVC,Agrotextiles,0,0,0,0
Incineration,PET,Agrotextiles,0,0,0,0
Landfill,PET,Agrotextiles,1.29523410936872e-6,1.7545406618322515e-6,2.171699856597676e-5,2.9418123535620903e-5
Sludge amended soil,PET,Agrotextiles,1.1681705986804638e-5,1.54403896341256e-5,1.9586543492685222e-4,2.58886727207839e-4
Sludge amended soil (MP),PET,Agrotextiles,0,0,0,0
Release,PET,Agrotextiles,0.04181397694095869,0.028512234730453678,0.701088761248859,0.4780604187885734
Incineration,LDPE,MobilityTextiles,0,0,0,0
Landfill,LDPE,MobilityTextiles,0,0,0,0
Sludge amended soil,LDPE,MobilityTextiles,0,0,0,0
Sludge amended soil (MP),LDPE,MobilityTextiles,0,0,0,0
Release,LDPE,MobilityTextiles,0,0,0,0
Incineration,HDPE,MobilityTextiles,0,0,0,0
Landfill,HDPE,MobilityTextiles,0,0,0,0
Sludge amended soil,HDPE,MobilityTextiles,0,0,0,0
Sludge amended soil (MP),HDPE,MobilityTextiles,0,0,0,0
Release,HDPE,MobilityTextiles,0,0,0,0
Incineration,PP,MobilityTextiles,0,0,0,0
Landfill,PP,MobilityTextiles,0,0,0,0
Sludge amended soil,PP,MobilityTextiles,0,0,0,0
Sludge amended soil (MP),PP,MobilityTextiles,0,0,0,0
Release,PP,MobilityTextiles,0,0,0,0
Incineration,PS,MobilityTextiles,0,0,0,0
Landfill,PS,MobilityTextiles,0,0,0,0
Sludge amended soil,PS,MobilityTextiles,0,0,0,0
Sludge amended soil (MP),PS,MobilityTextiles,0,0,0,0
Release,PS,MobilityTextiles,0,0,0,0
Incineration,EPS,MobilityTextiles,0,0,0,0
Landfill,EPS,MobilityTextiles,0,0,0,0
Sludge amended soil,EPS,MobilityTextiles,0,0,0,0
Sludge amended soil (MP),EPS,MobilityTextiles,0,0,0,0
Release,EPS,MobilityTextiles,0,0,0,0
Incineration,PVC,MobilityTextiles,0,0,0,0
Landfill,PVC,MobilityTextiles,0,0,0,0
Sludge amended soil,PVC,MobilityTextiles,0,0,0,0
Sludge amended soil (MP),PVC,MobilityTextiles,0,0,0,0
Release,PVC,MobilityTextiles,0,0,0,0
Incineration,PET,MobilityTextiles,0,0,0,0
Landfill,PET,MobilityTextiles,0,0,0,0
Sludge amended soil,PET,MobilityTextiles,0,0,0,0
Sludge amended soil (MP),PET,MobilityTextiles,0,0,0,0
Release,PET,MobilityTextiles,0,0,0,0
Incineration,LDPE,Geotextiles,0,0,0,0
Landfill,LDPE,Geotextiles,0,0,0,0
Sludge amended soil,LDPE,Geotextiles,0,0,0,0
Sludge amended soil (MP),LDPE,Geotextiles,0,0,0,0
Release,LDPE,Geotextiles,0,0,0,0
Incineration,HDPE,Geotextiles,0,0,0,0
Landfill,HDPE,Geotextiles,0,0,0,0
Sludge amended soil,HDPE,Geotextiles,0,0,0,0
Sludge amended soil (MP),HDPE,Geotextiles,0,0,0,0
Release,HDPE,Geotextiles,0.006487474740794567,0.005852793640129544,0.10877452857639244,0.09813292451941415
Incineration,PP,Geotextiles,0,0,0,0
Landfill,PP,Geotextiles,0,0,0,0
Sludge amended soil,PP,Geotextiles,0,0,0,0
Sludge amended soil (MP),PP,Geotextiles,0,0,0,0
Release,PP,Geotextiles,0.10357193385952336,0.08858055989494902,1.7365752822854346,1.485217134336907
Incineration,PS,Geotextiles,0,0,0,0
Landfill,PS,Geotextiles,0,0,0,0
Sludge amended soil,PS,Geotextiles,0,0,0,0
Sludge amended soil (MP),PS,Geotextiles,0,0,0,0
Release,PS,Geotextiles,0,0,0,0
Incineration,EPS,Geotextiles,0,0,0,0
Landfill,EPS,Geotextiles,0,0,0,0
Sludge amended soil,EPS,Geotextiles,0,0,0,0
Sludge amended soil (MP),EPS,Geotextiles,0,0,0,0
Release,EPS,Geotextiles,0,0,0,0
Incineration,PVC,Geotextiles,0,0,0,0
Landfill,PVC,Geotextiles,0,0,0,0
Sludge amended soil,PVC,Geotextiles,0,0,0,0
Sludge amended soil (MP),PVC,Geotextiles,0,0,0,0
Release,PVC,Geotextiles,0,0,0,0
Incineration,PET,Geotextiles,0,0,0,0
Landfill,PET,Geotextiles,0,0,0,0
Sludge amended soil,PET,Geotextiles,0,0,0,0
Sludge amended soil (MP),PET,Geotextiles,0,0,0,0
Release,PET,Geotextiles,0.06695134072829585,0.05880982304665825,1.1225632185484011,0.9860555968465818
Incineration,LDPE,BuildingTextiles,0,0,0,0
Landfill,LDPE,BuildingTextiles,0,0,0,0
Sludge amended soil,LDPE,BuildingTextiles,0,0,0,0
Sludge amended soil (MP),LDPE,BuildingTextiles,0,0,0,0
Release,LDPE,BuildingTextiles,0,0,0,0
Incineration,HDPE,BuildingTextiles,0,0,0,0
Landfill,HDPE,BuildingTextiles,0,0,0,0
Sludge amended soil,HDPE,BuildingTextiles,0,0,0,0
Sludge amended soil (MP),HDPE,BuildingTextiles,0,0,0,0
Release,HDPE,BuildingTextiles,0.0415892102899256,0.03388271326299482,0.6973201320853295,0.5681064373007397
Incineration,PP,BuildingTextiles,0,0,0,0
Landfill,PP,BuildingTextiles,0,0,0,0
Sludge amended soil,PP,BuildingTextiles,0,0,0,0
Sludge amended soil (MP),PP,BuildingTextiles,0,0,0,0
Release,PP,BuildingTextiles,0.6673116542206917,0.5188326810613639,11.188715717835406,8.699190755625747
Incineration,PS,BuildingTextiles,0,0,0,0
Landfill,PS,BuildingTextiles,0,0,0,0
Sludge amended soil,PS,BuildingTextiles,0,0,0,0
Sludge amended soil (MP),PS,BuildingTextiles,0,0,0,0
Release,PS,BuildingTextiles,0,0,0,0
Incineration,EPS,BuildingTextiles,0,0,0,0
Landfill,EPS,BuildingTextiles,0,0,0,0
Sludge amended soil,EPS,BuildingTextiles,0,0,0,0
Sludge amended soil (MP),EPS,BuildingTextiles,0,0,0,0
Release,EPS,BuildingTextiles,0,0,0,0
Incineration,PVC,BuildingTextiles,0,0,0,0
Landfill,PVC,BuildingTextiles,0,0,0,0
Sludge amended soil,PVC,BuildingTextiles,0,0,0,0
Sludge amended soil (MP),PVC,BuildingTextiles,0,0,0,0
Release,PVC,BuildingTextiles,0,0,0,0
Incineration,PET,BuildingTextiles,0,0,0,0
Landfill,PET,BuildingTextiles,0,0,0,0
Sludge amended soil,PET,BuildingTextiles,0,0,0,0
Sludge amended soil (MP),PET,BuildingTextiles,0,0,0,0
Release,PET,BuildingTextiles,0.9366556738393874,0.7263531550543872,15.704767021228369,12.178655821839778
Incineration,LDPE,TechnicalHouseholdTextiles,0,0,0,0
Landfill,LDPE,TechnicalHouseholdTextiles,0,0,0,0
Sludge amended soil,LDPE,TechnicalHouseholdTextiles,0,0,0,0
Sludge amended soil (MP),LDPE,TechnicalHouseholdTextiles,0,0,0,0
Release,LDPE,TechnicalHouseholdTextiles,0,0,0,0
Incineration,HDPE,TechnicalHouseholdTextiles,0,0,0,0
Landfill,HDPE,TechnicalHouseholdTextiles,7.335523139952057e-6,4.643971856958417e-6,1.2299363054040597e-4,7.786478863435495e-5
Sludge amended soil,HDPE,TechnicalHouseholdTextiles,5.560945466604959e-7,7.641136721417792e-7,9.32395493989848e-6,1.281178082179605e-5
Sludge amended soil (MP),HDPE,TechnicalHouseholdTextiles,6.524691119823399e-5,3.650277452980919e-5,0.0010939853009407476,6.120366166888591e-4
Release,HDPE,TechnicalHouseholdTextiles,4.449929149182948e-4,3.109453388720504e-4,0.007461130327906889,0.005213574464675502
Incineration,PP,TechnicalHouseholdTextiles,0,0,0,0
Landfill,PP,TechnicalHouseholdTextiles,2.49195734630668e-4,1.4260451313306778e-4,0.004178227991740715,0.002391028760601476
Sludge amended soil,PP,TechnicalHouseholdTextiles,1.8347958452195003e-5,2.442294486830167e-5,3.0763750314537767e-4,4.09495901046293e-4
Sludge amended soil (MP),PP,TechnicalHouseholdTextiles,0.0022248926227715284,0.0011246921302019216,0.03730444523402113,0.018857546448236194
Release,PP,TechnicalHouseholdTextiles,0.015194830346367644,0.01027828103857602,0.2547694709824752,0.17233441658222912
Incineration,PS,TechnicalHouseholdTextiles,0,0,0,0
Landfill,PS,TechnicalHouseholdTextiles,0,0,0,0
Sludge amended soil,PS,TechnicalHouseholdTextiles,0,0,0,0
Sludge amended soil (MP),PS,TechnicalHouseholdTextiles,0,0,0,0
Release,PS,TechnicalHouseholdTextiles,0,0,0,0
Incineration,EPS,TechnicalHouseholdTextiles,0,0,0,0
Landfill,EPS,TechnicalHouseholdTextiles,0,0,0,0
Sludge amended soil,EPS,TechnicalHouseholdTextiles,0,0,0,0
Sludge amended soil (MP),EPS,TechnicalHouseholdTextiles,0,0,0,0
Release,EPS,TechnicalHouseholdTextiles,0,0,0,0
Incineration,PVC,TechnicalHouseholdTextiles,0,0,0,0
Landfill,PVC,TechnicalHouseholdTextiles,0,0,0,0
Sludge amended soil,PVC,TechnicalHouseholdTextiles,0,0,0,0
Sludge amended soil (MP),PVC,TechnicalHouseholdTextiles,0,0,0,0
Release,PVC,TechnicalHouseholdTextiles,0,0,0,0
Incineration,PET,TechnicalHouseholdTextiles,0,0,0,0
Landfill,PET,TechnicalHouseholdTextiles,0.001114546735877475,6.415175462717257e-4,0.01868744012351729,0.01075622972840191
Sludge amended soil,PET,TechnicalHouseholdTextiles,8.40952511323505e-5,1.0971455078657248e-4,0.0014100126263172793,0.0018395676309513349
Sludge amended soil (MP),PET,TechnicalHouseholdTextiles,0.009983589654345943,0.005098638090787527,0.16739336976880828,0.08548811006840619
Release,PET,TechnicalHouseholdTextiles,0.06779577712569806,0.04566374796564243,1.136721758613703,0.7656373021015578
Incineration,LDPE,TechnicalClothing,0,0,0,0
Landfill,LDPE,TechnicalClothing,0,0,0,0
Sludge amended soil,LDPE,TechnicalClothing,0,0,0,0
Sludge amended soil (MP),LDPE,TechnicalClothing,0,0,0,0
Release,LDPE,TechnicalClothing,0,0,0,0
Incineration,HDPE,TechnicalClothing,0,0,0,0
Landfill,HDPE,TechnicalClothing,5.716851378098651e-4,4.216439033473004e-4,0.009585360073676653,0.007069640907472001
Sludge amended soil,HDPE,TechnicalClothing,4.253094675217138e-6,6.511676678424893e-6,7.131100879336105e-5,1.091803188817974e-4
Sludge amended soil (MP),HDPE,TechnicalClothing,0.005128260914812771,0.00342373955024468,0.08598479157348943,0.057405334190265
Release,HDPE,TechnicalClothing,0.006161220474937979,0.0047447632837567194,0.10330427159929308,0.07955474356636977
Incineration,PP,TechnicalClothing,0,0,0,0
Landfill,PP,TechnicalClothing,0.008941396971427923,0.0061991966582828064,0.14991907934000445,0.10394101264346066
Sludge amended soil,PP,TechnicalClothing,6.566722818738241e-5,9.656507636897414e-5,0.0011010326936742826,0.001619092340033068
Sludge amended soil (MP),PP,TechnicalClothing,0.08045289210105462,0.051017126450891466,1.3489417316525474,0.8553966066522597
Release,PP,TechnicalClothing,0.0974230506847463,0.07361977524567732,1.6334778683715319,1.2343718729096318
Incineration,PS,TechnicalClothing,0,0,0,0
Landfill,PS,TechnicalClothing,0,0,0,0
Sludge amended soil,PS,TechnicalClothing,0,0,0,0
Sludge amended soil (MP),PS,TechnicalClothing,0,0,0,0
Release,PS,TechnicalClothing,0,0,0,0
Incineration,EPS,TechnicalClothing,0,0,0,0
Landfill,EPS,TechnicalClothing,0,0,0,0
Sludge amended soil,EPS,TechnicalClothing,0,0,0,0
Sludge amended soil (MP),EPS,TechnicalClothing,0,0,0,0
Release,EPS,TechnicalClothing,0,0,0,0
Incineration,PVC,TechnicalClothing,0,0,0,0
Landfill,PVC,TechnicalClothing,0,0,0,0
Sludge amended soil,PVC,TechnicalClothing,0,0,0,0
Sludge amended soil (MP),PVC,TechnicalClothing,0,0,0,0
Release,PVC,TechnicalClothing,0,0,0,0
Incineration,PET,TechnicalClothing,0,0,0,0
Landfill,PET,TechnicalClothing,0.019818818309505364,0.01426118774669778,0.33229919262754415,0.23911522372979327
Sludge amended soil,PET,TechnicalClothing,1.4754522914044225e-4,2.1859594889171824e-4,0.002473869014476001,0.003665165914232694
Sludge amended soil (MP),PET,TechnicalClothing,0.17896374309751667,0.11786809816656743,3.000658586813204,1.9762769528246416
Release,PET,TechnicalClothing,0.21594148271137675,0.1658337120336963,3.6206588727527516,2.7805092997293475
Incineration,LDPE,OtherTechnicalTextiles,0,0,0,0
Landfill,LDPE,OtherTechnicalTextiles,0,0,0,0
Sludge amended soil,LDPE,OtherTechnicalTextiles,0,0,0,0
Sludge amended soil (MP),LDPE,OtherTechnicalTextiles,0,0,0,0
Release,LDPE,OtherTechnicalTextiles,0,0,0,0
Incineration,HDPE,OtherTechnicalTextiles,0,0,0,0
Landfill,HDPE,OtherTechnicalTextiles,3.618483834895929e-10,1.584779395607108e-8,6.067058278116617e-9,2.657176151619671e-7
Sludge amended soil,HDPE,OtherTechnicalTextiles,2.836760938510356e-9,1.1248481305031324e-7,4.756355070333517e-8,1.886016208219239e-6
Sludge amended soil (MP),HDPE,OtherTechnicalTextiles,0,0,0,0
Release,HDPE,OtherTechnicalTextiles,1.3804482722851767e-6,3.8396006236492215e-5,2.3145771820535004e-5,6.437801524417402e-4
Incineration,PP,OtherTechnicalTextiles,0,0,0,0
Landfill,PP,OtherTechnicalTextiles,3.9876328918032836e-7,2.0565110755891455e-6,6.686005036969037e-6,3.4481216759534e-5
Sludge amended soil,PP,OtherTechnicalTextiles,3.6287234033747146e-6,1.8746035440790734e-5,6.0842268109989394e-5,3.143120010820443e-4
Sludge amended soil (MP),PP,OtherTechnicalTextiles,0,0,0,0
Release,PP,OtherTechnicalTextiles,0.0021720188228641435,0.008444608119336035,0.03641791805838485,0.14158949420135253
Incineration,PS,OtherTechnicalTextiles,0,0,0,0
Landfill,PS,OtherTechnicalTextiles,0,0,0,0
Sludge amended soil,PS,OtherTechnicalTextiles,0,0,0,0
Sludge amended soil (MP),PS,OtherTechnicalTextiles,0,0,0,0
Release,PS,OtherTechnicalTextiles,0,0,0,0
Incineration,EPS,OtherTechnicalTextiles,0,0,0,0
Landfill,EPS,OtherTechnicalTextiles,0,0,0,0
Sludge amended soil,EPS,OtherTechnicalTextiles,0,0,0,0
Sludge amended soil (MP),EPS,OtherTechnicalTextiles,0,0,0,0
Release,EPS,OtherTechnicalTextiles,0,0,0,0
Incineration,PVC,OtherTechnicalTextiles,0,0,0,0
Landfill,PVC,OtherTechnicalTextiles,0,0,0,0
Sludge amended soil,PVC,OtherTechnicalTextiles,0,0,0,0
Sludge amended soil (MP),PVC,OtherTechnicalTextiles,0,0,0,0
Release,PVC,OtherTechnicalTextiles,0,0,0,0
Incineration,PET,OtherTechnicalTextiles,0,0,0,0
Landfill,PET,OtherTechnicalTextiles,8.311127855516576e-6,1.5933972339144918e-5,1.3935145037824302e-4,2.671625553531615e-4
Sludge amended soil,PET,OtherTechnicalTextiles,7.454190526389518e-5,1.407998789439315e-4,0.0012498330904134247,0.0023607707263093684
Sludge amended soil (MP),PET,OtherTechnicalTextiles,0,0,0,0
Release,PET,OtherTechnicalTextiles,0.04378139559408887,0.05614996010990669,0.7340761785502211,0.9414580687508448
Incineration,LDPE,Post-consumer processes,289.9250714372296,85.26990521336612,4861.13075242572,1429.7078773984667
Landfill,LDPE,Post-consumer processes,226.58553375677502,78.16784164129787,3799.1261008909605,1310.628628871531
Sludge amended soil,LDPE,Post-consumer processes,0,0,0,0
Sludge amended soil (MP),LDPE,Post-consumer processes,0.11408188212704411,0.053352252467950494,1.9127940289994796,0.8945493188894028
Release,LDPE,Post-consumer processes,1.5153523158535096,1.0719872164887503,25.40768794791823,17.973850962416467
Incineration,HDPE,Post-consumer processes,393.8020965107518,108.13308907644422,6602.821453930724,1813.051496576414
Landfill,HDPE,Post-consumer processes,314.80255381536887,96.7795931571419,5278.247816609955,1622.6891112633189
Sludge amended soil,HDPE,Post-consumer processes,0,0,0,0
Sludge amended soil (MP),HDPE,Post-consumer processes,0.29441370480857915,0.13589468387522277,4.936391003668104,2.27852604675495
Release,HDPE,Post-consumer processes,4.176135053289329,3.7853691820644455,70.02063820556135,63.468724691517515
Incineration,PP,Post-consumer processes,600.4562331320727,146.99847997949465,10067.76076968557,2464.701752234864
Landfill,PP,Post-consumer processes,458.9610066537512,133.82683153325485,7695.331254205986,2243.854672660998
Sludge amended soil,PP,Post-consumer processes,0,0,0,0
Sludge amended soil (MP),PP,Post-consumer processes,1.1805012255241238,0.5497560738019573,19.79328928755305,9.21767870382371
Release,PP,Post-consumer processes,2.789360267648546,1.8400457937552506,46.76879067216676,30.851775424436937
Incineration,PS,Post-consumer processes,132.932719197236,41.08161651564133,2228.8632234869124,688.8093824158333
Landfill,PS,Post-consumer processes,119.3328556310232,38.94905943539218,2000.8363243892104,653.0531135539774
Sludge amended soil,PS,Post-consumer processes,0,0,0,0
Sludge amended soil (MP),PS,Post-consumer processes,0.05127762901489609,0.023616853410389462,0.8597644145782561,0.39598028490485454
Release,PS,Post-consumer processes,0.047922858981350396,0.017217152698666104,0.8035154820642704,0.28867745047987575
Incineration,EPS,Post-consumer processes,241.86941303364623,90.8837130632909,4055.38864210843,1523.833762552854
Landfill,EPS,Post-consumer processes,24.24685573786173,8.60194413722209,406.5434406643531,144.22752392130272
Sludge amended soil,EPS,Post-consumer processes,0,0,0,0
Sludge amended soil (MP),EPS,Post-consumer processes,1.5795971324965573e-4,8.655576643866491e-5,0.002648487127780174,0.0014512677222047999
Release,EPS,Post-consumer processes,4.292345596863773,4.045166477979276,71.96912318592341,67.82470749185995
Incineration,PVC,Post-consumer processes,530.4567802744358,173.45307055397018,8894.090306305501,2908.2619560727626
Landfill,PVC,Post-consumer processes,93.88551073128987,33.84365367975861,1574.16445966757,567.4515310509793
Sludge amended soil,PVC,Post-consumer processes,0,0,0,0
Sludge amended soil (MP),PVC,Post-consumer processes,0.36736325451743007,0.17064818446413985,6.15952530422162,2.8612328462385084
Release,PVC,Post-consumer processes,8.26438490468919,7.66513779522543,138.56771824152327,128.52023066938622
Incineration,PET,Post-consumer processes,340.11749120498945,107.49220885285723,5702.699624211077,1802.305952743118
Landfill,PET,Post-consumer processes,302.36461150293263,98.1973017696342,5069.702679164085,1646.4596216921045
Sludge amended soil,PET,Post-consumer processes,0,0,0,0
Sludge amended soil (MP),PET,Post-consumer processes,0.006814987236116583,0.0034036469898681594,0.11426588210067097,0.057068445204924455
Release,PET,Post-consumer processes,0.5706668676325316,0.4760112109895491,9.568286888357507,7.981209506200601
