dest,pol,prod,mean,sd,mean_percap,sd_percap
Incineration,LDPE,Pre-consumer processes,2.1840881920041334e-5,1.6954019032488717e-5,0.0020423608101786755,0.0015853857996093598
Landfill,LDPE,Pre-consumer processes,1.6149167412307288e-5,1.2596808861084654e-5,0.0015101233897357453,0.0011779390981269534
Sludge amended soil,LDPE,Pre-consumer processes,0,0,0,0
Sludge amended soil (MP),LDPE,Pre-consumer processes,7.672603014782164e-5,5.764455917235386e-5,0.0071747211338891725,0.005390395360620054
Release,LDPE,Pre-consumer processes,0.00491869638312174,0.0028488137253512573,0.45995178980558427,0.2663951725693645
Incineration,HDPE,Pre-consumer processes,4.617991026608842e-4,3.088178512629342e-4,0.043183255735878445,0.028877839237995858
Landfill,HDPE,Pre-consumer processes,3.4146040739023236e-4,2.281084291629896e-4,0.031930274465772845,0.021330627485624296
Sludge amended soil,HDPE,Pre-consumer processes,0,0,0,0
Sludge amended soil (MP),HDPE,Pre-consumer processes,0.0016176479635715494,0.0010443628291847964,0.15126773806840954,0.09765932171343004
Release,HDPE,Pre-consumer processes,0.05939316776488292,0.024221728320685698,5.553909346675993,2.2649959309367387
Incineration,PP,Pre-consumer processes,9.944555968870179e-4,5.681180203327867e-4,0.09299245085342434,0.05312523480195527
Landfill,PP,Pre-consumer processes,7.309612636513624e-4,4.2222702749893575e-4,0.06835285516883557,0.03948283485616813
Sludge amended soil,PP,Pre-consumer processes,0,0,0,0
Sludge amended soil (MP),PP,Pre-consumer processes,0.0034671158566617574,0.0019103502199106827,0.3242131694094905,0.17863859331072326
Release,PP,Pre-consumer processes,0.04537849557090116,0.01608727004623287,4.2433845537085215,1.5043353105186845
Incineration,PS,Pre-consumer processes,1.583342835206075e-6,1.4820853690822204e-6,1.480598341926277e-4,1.3859115608217144e-4
Landfill,PS,Pre-consumer processes,1.1629540030288762e-6,1.1005167008635858e-6,1.08748890659361e-4,1.0291032152545343e-4
Sludge amended soil,PS,Pre-consumer processes,0,0,0,0
Sludge amended soil (MP),PS,Pre-consumer processes,5.562070236299372e-6,5.138531636112775e-6,5.201142662492625e-4,4.805087850335386e-4
Release,PS,Pre-consumer processes,0.0015250673454825301,0.0014024418234718677,0.14261043994009412,0.13114361541354103
Incineration,EPS,Pre-consumer processes,1.5807342561853837e-6,1.4864963115055295e-6,1.478159035866376e-4,1.3900362733558976e-4
Landfill,EPS,Pre-consumer processes,1.164376346419592e-6,1.099766427628682e-6,1.0888189528849864e-4,1.0284016279021994e-4
Sludge amended soil,EPS,Pre-consumer processes,0,0,0,0
Sludge amended soil (MP),EPS,Pre-consumer processes,5.529170273860702e-6,5.084589629927898e-6,5.17037760722284e-4,4.7546461878339674e-4
Release,EPS,Pre-consumer processes,0.0015092472119392886,0.0013924271549749247,0.14113108480787936,0.1302071346184904
Incineration,PVC,Pre-consumer processes,3.863067820621745e-6,3.6324909046366698e-6,3.612389990836627e-4,3.3967754114145124e-4
Landfill,PVC,Pre-consumer processes,2.850470020845839e-6,2.7001718681107174e-6,2.665500542733448e-4,2.5249553678122883e-4
Sludge amended soil,PVC,Pre-consumer processes,0,0,0,0
Sludge amended soil (MP),PVC,Pre-consumer processes,1.3558032907159415e-5,1.2582457608944096e-5,0.0012678240363218282,0.001176597099435867
Release,PVC,Pre-consumer processes,0.0036705929275560657,0.003374113250265644,0.34324049609372803,0.3155164107692819
Incineration,PET,Pre-consumer processes,3.582922215451841e-4,2.865227347202822e-4,0.033504232775704454,0.02679300253351756
Landfill,PET,Pre-consumer processes,2.627642687258589e-4,2.1181813834550322e-4,0.02457132668569167,0.01980730751741741
Sludge amended soil,PET,Pre-consumer processes,0,0,0,0
Sludge amended soil (MP),PET,Pre-consumer processes,0.001254257429312447,9.74287025712547e-4,0.11728675741580787,0.09110646934796869
Release,PET,Pre-consumer processes,0.004825185165543581,0.0029305679441554624,0.4512074704693547,0.27404008421550397
Incineration,LDPE,ConsumerFilms,0,0,0,0
Landfill,LDPE,ConsumerFilms,3.614924447215257e-5,5.9123603760161986e-5,0.003380348856689062,0.005528702170468898
Sludge amended soil,LDPE,ConsumerFilms,1.7101301777708918e-4,2.723180693496043e-4,0.015991583435915353,0.0254647113051238
Sludge amended soil (MP),LDPE,ConsumerFilms,0,0,0,0
Release,LDPE,ConsumerFilms,0.03961210679082753,0.03303040534803053,3.7041642738777107,3.0887033625337237
Incineration,HDPE,ConsumerFilms,0,0,0,0
Landfill,HDPE,ConsumerFilms,4.5905546875864006e-5,7.357751712975375e-5,0.004292669602460235,0.006880300806817184
Sludge amended soil,HDPE,ConsumerFilms,2.178237094815707e-4,3.4053217952139357e-4,0.02036889395774286,0.03184347503023849
Sludge amended soil (MP),HDPE,ConsumerFilms,0,0,0,0
Release,HDPE,ConsumerFilms,0.04558796211448659,0.04216636136438852,4.262971961452799,3.9430149512156856
Incineration,PP,ConsumerFilms,0,0,0,0
Landfill,PP,ConsumerFilms,1.0110478722567369e-4,1.568601324672882e-4,0.009454400967283776,0.014668134208292025
Sludge amended soil,PP,ConsumerFilms,4.785654475317524e-4,7.240560497035224e-4,0.04475109195327862,0.06770714230776166
Sludge amended soil (MP),PP,ConsumerFilms,0,0,0,0
Release,PP,ConsumerFilms,0.10850144232701336,0.09638442568030343,10.14606893933221,9.012995649246124
Incineration,PS,ConsumerFilms,0,0,0,0
Landfill,PS,ConsumerFilms,4.812241480419809e-6,7.966534242045235e-6,4.499970946551882e-4,7.449578908244413e-4
Sludge amended soil,PS,ConsumerFilms,2.2743672329572338e-5,3.6143602615631416e-5,0.0021267815656674624,0.003379821281534467
Sludge amended soil (MP),PS,ConsumerFilms,0,0,0,0
Release,PS,ConsumerFilms,0.005003085130637699,0.004499329074055191,0.4678430586370184,0.4207363698310969
Incineration,EPS,ConsumerFilms,0,0,0,0
Landfill,EPS,ConsumerFilms,0,0,0,0
Sludge amended soil,EPS,ConsumerFilms,0,0,0,0
Sludge amended soil (MP),EPS,ConsumerFilms,0,0,0,0
Release,EPS,ConsumerFilms,0,0,0,0
Incineration,PVC,ConsumerFilms,0,0,0,0
Landfill,PVC,ConsumerFilms,1.0740211097030219e-5,1.703030142252983e-5,0.0010043269460420729,0.0015925190355518047
Sludge amended soil,PVC,ConsumerFilms,5.131079723973768e-5,8.14857339263153e-5,0.004798119499254455,0.007619805380067653
Sludge amended soil (MP),PVC,ConsumerFilms,0,0,0,0
Release,PVC,ConsumerFilms,0.010772299187361502,0.009673579495347043,1.007327532667009,0.9045852510797978
Incineration,PET,ConsumerFilms,0,0,0,0
Landfill,PET,ConsumerFilms,1.2094257546459836e-5,1.9223363332310424e-5,0.001130945065841486,0.0017975942571124095
Sludge amended soil,PET,ConsumerFilms,5.7569694278608377e-5,9.085686032130565e-5,0.005383394676050459,0.008496107965578039
Sludge amended soil (MP),PET,ConsumerFilms,0,0,0,0
Release,PET,ConsumerFilms,0.012372001636561231,0.011105304874727613,1.1569171693013427,1.038467198543737
Incineration,LDPE,ConsumerBags,0,0,0,0
Landfill,LDPE,ConsumerBags,4.077175813407944e-6,6.8341476613377615e-6,3.812604329805831e-4,6.390673877359653e-4
Sludge amended soil,LDPE,ConsumerBags,1.930797947077048e-5,3.094712191092061e-5,0.001805506789478646,0.0028938936261858803
Sludge amended soil (MP),LDPE,ConsumerBags,0,0,0,0
Release,LDPE,ConsumerBags,0.0042520197862255,0.0036846523250470215,0.3976102525201892,0.344555203190052
Incineration,HDPE,ConsumerBags,0,0,0,0
Landfill,HDPE,ConsumerBags,9.798044238509157e-6,1.5688414002692594e-5,9.162240628555258e-4,0.0014670379177113874
Sludge amended soil,HDPE,ConsumerBags,4.652530779057864e-5,7.361592507492517e-5,0.004350624011468425,0.00688389236883857
Sludge amended soil (MP),HDPE,ConsumerBags,0,0,0,0
Release,HDPE,ConsumerBags,0.009774402198421545,0.008664673396522759,0.9140132741005484,0.8102415205961768
Incineration,PP,ConsumerBags,0,0,0,0
Landfill,PP,ConsumerBags,0,0,0,0
Sludge amended soil,PP,ConsumerBags,0,0,0,0
Sludge amended soil (MP),PP,ConsumerBags,0,0,0,0
Release,PP,ConsumerBags,0,0,0,0
Incineration,PS,ConsumerBags,0,0,0,0
Landfill,PS,ConsumerBags,0,0,0,0
Sludge amended soil,PS,ConsumerBags,0,0,0,0
Sludge amended soil (MP),PS,ConsumerBags,0,0,0,0
Release,PS,ConsumerBags,0,0,0,0
Incineration,EPS,ConsumerBags,0,0,0,0
Landfill,EPS,ConsumerBags,0,0,0,0
Sludge amended soil,EPS,ConsumerBags,0,0,0,0
Sludge amended soil (MP),EPS,ConsumerBags,0,0,0,0
Release,EPS,ConsumerBags,0,0,0,0
Incineration,PVC,ConsumerBags,0,0,0,0
Landfill,PVC,ConsumerBags,0,0,0,0
Sludge amended soil,PVC,ConsumerBags,0,0,0,0
Sludge amended soil (MP),PVC,ConsumerBags,0,0,0,0
Release,PVC,ConsumerBags,0,0,0,0
Incineration,PET,ConsumerBags,0,0,0,0
Landfill,PET,ConsumerBags,0,0,0,0
Sludge amended soil,PET,ConsumerBags,0,0,0,0
Sludge amended soil (MP),PET,ConsumerBags,0,0,0,0
Release,PET,ConsumerBags,0,0,0,0
Incineration,LDPE,ConsumerBottles,0,0,0,0
Landfill,LDPE,ConsumerBottles,0,0,0,0
Sludge amended soil,LDPE,ConsumerBottles,0,0,0,0
Sludge amended soil (MP),LDPE,ConsumerBottles,0,0,0,0
Release,LDPE,ConsumerBottles,0,0,0,0
Incineration,HDPE,ConsumerBottles,0,0,0,0
Landfill,HDPE,ConsumerBottles,1.0446108989451925e-6,1.390603753808795e-6,9.768251894322498e-5,1.3003662671058763e-4
Sludge amended soil,HDPE,ConsumerBottles,4.972059222476813e-6,6.401631052028218e-6,4.649417976366626e-4,5.986223646897759e-4
Sludge amended soil (MP),HDPE,ConsumerBottles,0,0,0,0
Release,HDPE,ConsumerBottles,0.007314550858345468,0.00485819436760706,0.6839903293206991,0.45429419109339036
Incineration,PP,ConsumerBottles,0,0,0,0
Landfill,PP,ConsumerBottles,1.4953597793492616e-7,2.0429868854917688e-7,1.3983245830645392e-5,1.910415690132297e-5
Sludge amended soil,PP,ConsumerBottles,7.109970452572877e-7,9.52039072398775e-7,6.648598287845926e-5,8.902604292008538e-5
Sludge amended soil (MP),PP,ConsumerBottles,0,0,0,0
Release,PP,ConsumerBottles,0.001038664450211138,6.829746827219009e-4,0.09712646109269353,0.06386558617193354
Incineration,PS,ConsumerBottles,0,0,0,0
Landfill,PS,ConsumerBottles,0,0,0,0
Sludge amended soil,PS,ConsumerBottles,0,0,0,0
Sludge amended soil (MP),PS,ConsumerBottles,0,0,0,0
Release,PS,ConsumerBottles,0,0,0,0
Incineration,EPS,ConsumerBottles,0,0,0,0
Landfill,EPS,ConsumerBottles,0,0,0,0
Sludge amended soil,EPS,ConsumerBottles,0,0,0,0
Sludge amended soil (MP),EPS,ConsumerBottles,0,0,0,0
Release,EPS,ConsumerBottles,0,0,0,0
Incineration,PVC,ConsumerBottles,0,0,0,0
Landfill,PVC,ConsumerBottles,0,0,0,0
Sludge amended soil,PVC,ConsumerBottles,0,0,0,0
Sludge amended soil (MP),PVC,ConsumerBottles,0,0,0,0
Release,PVC,ConsumerBottles,0,0,0,0
Incineration,PET,ConsumerBottles,0,0,0,0
Landfill,PET,ConsumerBottles,3.4878640967759205e-4,5.673381239602166e-4,0.0326153356286764,0.0530523059800712
Sludge amended soil,PET,ConsumerBottles,0.00166613778840951,0.0027539591853337282,0.1558020658626826,0.2575252379253078
Sludge amended soil (MP),PET,ConsumerBottles,0,0,0,0
Release,PET,ConsumerBottles,0.33064812545828626,0.3065682828448606,30.919208110153445,28.66748004125146
Incineration,LDPE,ConsumerOther,0,0,0,0
Landfill,LDPE,ConsumerOther,1.2944092722848915e-7,1.7127503717713199e-7,1.2104139291283516e-5,1.6016085109250387e-5
Sludge amended soil,LDPE,ConsumerOther,6.143420936962335e-7,7.916645983807393e-7,5.744769010710025e-5,7.402927942461045e-5
Sludge amended soil (MP),LDPE,ConsumerOther,0,0,0,0
Release,LDPE,ConsumerOther,9.093892728984903e-4,6.058435990247389e-4,0.08503782122737846,0.05665298811081108
Incineration,HDPE,ConsumerOther,0,0,0,0
Landfill,HDPE,ConsumerOther,1.711690666014568e-5,2.7388986828369237e-5,0.001600617570396248,0.0025611691658582714
Sludge amended soil,HDPE,ConsumerOther,8.126538749757767e-5,1.2778904630843474e-4,0.007599200584328905,0.011949670398197965
Sludge amended soil (MP),HDPE,ConsumerOther,0,0,0,0
Release,HDPE,ConsumerOther,0.017501246249370998,0.015508535086807789,1.6365575163062924,1.4502172760484036
Incineration,PP,ConsumerOther,0,0,0,0
Landfill,PP,ConsumerOther,4.061077239008101e-5,6.292765296782234e-5,0.0037975504058963693,0.005884422285167546
Sludge amended soil,PP,ConsumerOther,1.9278051473823005e-4,2.935325916173268e-4,0.018027081951583045,0.02744850065231593
Sludge amended soil (MP),PP,ConsumerOther,0,0,0,0
Release,PP,ConsumerOther,0.047529310369242864,0.039358105948564044,4.444509209304716,3.680412423201969
Incineration,PS,ConsumerOther,0,0,0,0
Landfill,PS,ConsumerOther,1.708760383787638e-5,2.6767774971598663e-5,0.0015978774367308788,0.0025030790779336466
Sludge amended soil,PS,ConsumerOther,8.097016829167382e-5,1.237446283295633e-4,0.007571594366834691,0.011571473180234458
Sludge amended soil (MP),PS,ConsumerOther,0,0,0,0
Release,PS,ConsumerOther,0.019484104186678158,0.01615975128197529,1.8219763724739926,1.5111130970520115
Incineration,EPS,ConsumerOther,0,0,0,0
Landfill,EPS,ConsumerOther,8.973959122037045e-8,1.1833784396940626e-7,8.391631111826095e-6,1.1065879838047164e-5
Sludge amended soil,EPS,ConsumerOther,4.25351381697286e-7,5.511524849422775e-7,3.977499606995009e-5,5.1538772097192394e-5
Sludge amended soil (MP),EPS,ConsumerOther,0,0,0,0
Release,EPS,ConsumerOther,6.211608591853631e-4,4.123697891728607e-4,0.05808531909386832,0.038561075500137106
Incineration,PVC,ConsumerOther,0,0,0,0
Landfill,PVC,ConsumerOther,6.720512552925929e-6,1.0382455463107984e-5,6.284412649937436e-4,9.708728900649223e-4
Sludge amended soil,PVC,ConsumerOther,3.218173790437114e-5,4.9670641129828335e-5,0.003009343695000611,0.004644747003870916
Sludge amended soil (MP),PVC,ConsumerOther,0,0,0,0
Release,PVC,ConsumerOther,0.0071507532725732965,0.006203236058359864,0.6686734675196199,0.5800702676871323
Incineration,PET,ConsumerOther,0,0,0,0
Landfill,PET,ConsumerOther,3.4931465607970366e-5,5.6143115656893196e-5,0.003266473243205368,0.005249994006595063
Sludge amended soil,PET,ConsumerOther,1.6621216786142867e-4,2.640266860798672e-4,0.015542651576881884,0.024689376485116214
Sludge amended soil (MP),PET,ConsumerOther,0,0,0,0
Release,PET,ConsumerOther,0.036914657137179216,0.03266567812501246,3.4519232938563813,3.0545973868948066
Incineration,LDPE,AgriculturalPackagingFilms,0,0,0,0
Landfill,LDPE,AgriculturalPackagingFilms,1.1229299805003898e-7,1.4967274452743108e-7,1.0500620776875477e-5,1.399603499958538e-5
Sludge amended soil,LDPE,AgriculturalPackagingFilms,5.323227463401765e-7,6.934099417142117e-7,4.9777986048001254e-5,6.484139676822653e-5
Sludge amended soil (MP),LDPE,AgriculturalPackagingFilms,0,0,0,0
Release,LDPE,AgriculturalPackagingFilms,0.003047117356557437,0.0016681000045577915,0.2849387261847517,0.15598555448631152
Incineration,HDPE,AgriculturalPackagingFilms,0,0,0,0
Landfill,HDPE,AgriculturalPackagingFilms,8.138665599351593e-10,1.0747120879963914e-9,7.610540512108395e-8,1.0049730861531858e-7
Sludge amended soil,HDPE,AgriculturalPackagingFilms,3.8690385395552405e-9,4.935380996315513e-9,3.6179732646270383e-7,4.615119832192341e-7
Sludge amended soil (MP),HDPE,AgriculturalPackagingFilms,0,0,0,0
Release,HDPE,AgriculturalPackagingFilms,2.189257585132999e-5,1.1910041700207685e-5,0.002047194756892665,0.001113718873860014
Incineration,PP,AgriculturalPackagingFilms,0,0,0,0
Landfill,PP,AgriculturalPackagingFilms,8.76101398279853e-8,1.1881456155003551e-7,8.192504167826774e-6,1.1110458134279194e-5
Sludge amended soil,PP,AgriculturalPackagingFilms,4.166528475335793e-7,5.599343287776751e-7,3.8961588198097944e-5,5.2359970332510323e-5
Sludge amended soil (MP),PP,AgriculturalPackagingFilms,0,0,0,0
Release,PP,AgriculturalPackagingFilms,0.0023469400271247075,0.0012733199864115878,0.21946450481199747,0.11906931453523233
Incineration,PS,AgriculturalPackagingFilms,0,0,0,0
Landfill,PS,AgriculturalPackagingFilms,0,0,0,0
Sludge amended soil,PS,AgriculturalPackagingFilms,0,0,0,0
Sludge amended soil (MP),PS,AgriculturalPackagingFilms,0,0,0,0
Release,PS,AgriculturalPackagingFilms,0,0,0,0
Incineration,EPS,AgriculturalPackagingFilms,0,0,0,0
Landfill,EPS,AgriculturalPackagingFilms,0,0,0,0
Sludge amended soil,EPS,AgriculturalPackagingFilms,0,0,0,0
Sludge amended soil (MP),EPS,AgriculturalPackagingFilms,0,0,0,0
Release,EPS,AgriculturalPackagingFilms,0,0,0,0
Incineration,PVC,AgriculturalPackagingFilms,0,0,0,0
Landfill,PVC,AgriculturalPackagingFilms,0,0,0,0
Sludge amended soil,PVC,AgriculturalPackagingFilms,0,0,0,0
Sludge amended soil (MP),PVC,AgriculturalPackagingFilms,0,0,0,0
Release,PVC,AgriculturalPackagingFilms,0,0,0,0
Incineration,PET,AgriculturalPackagingFilms,0,0,0,0
Landfill,PET,AgriculturalPackagingFilms,0,0,0,0
Sludge amended soil,PET,AgriculturalPackagingFilms,0,0,0,0
Sludge amended soil (MP),PET,AgriculturalPackagingFilms,0,0,0,0
Release,PET,AgriculturalPackagingFilms,0,0,0,0
Incineration,LDPE,AgriculturalPackagingBottles,0,0,0,0
Landfill,LDPE,AgriculturalPackagingBottles,0,0,0,0
Sludge amended soil,LDPE,AgriculturalPackagingBottles,0,0,0,0
Sludge amended soil (MP),LDPE,AgriculturalPackagingBottles,0,0,0,0
Release,LDPE,AgriculturalPackagingBottles,0,0,0,0
Incineration,HDPE,AgriculturalPackagingBottles,0,0,0,0
Landfill,HDPE,AgriculturalPackagingBottles,2.348926486175475e-8,3.1316383447233344e-8,2.1965026041157286e-6,2.928423609601041e-6
Sludge amended soil,HDPE,AgriculturalPackagingBottles,1.1190658184803762e-7,1.4531272270898995e-7,1.0464486645008692e-5,1.3588325378421361e-5
Sludge amended soil (MP),HDPE,AgriculturalPackagingBottles,0,0,0,0
Release,HDPE,AgriculturalPackagingBottles,0.0058453735456464135,0.004523192764662818,0.5466062173766293,0.42296788532857893
Incineration,PP,AgriculturalPackagingBottles,0,0,0,0
Landfill,PP,AgriculturalPackagingBottles,0,0,0,0
Sludge amended soil,PP,AgriculturalPackagingBottles,0,0,0,0
Sludge amended soil (MP),PP,AgriculturalPackagingBottles,0,0,0,0
Release,PP,AgriculturalPackagingBottles,0,0,0,0
Incineration,PS,AgriculturalPackagingBottles,0,0,0,0
Landfill,PS,AgriculturalPackagingBottles,0,0,0,0
Sludge amended soil,PS,AgriculturalPackagingBottles,0,0,0,0
Sludge amended soil (MP),PS,AgriculturalPackagingBottles,0,0,0,0
Release,PS,AgriculturalPackagingBottles,0,0,0,0
Incineration,EPS,AgriculturalPackagingBottles,0,0,0,0
Landfill,EPS,AgriculturalPackagingBottles,0,0,0,0
Sludge amended soil,EPS,AgriculturalPackagingBottles,0,0,0,0
Sludge amended soil (MP),EPS,AgriculturalPackagingBottles,0,0,0,0
Release,EPS,AgriculturalPackagingBottles,0,0,0,0
Incineration,PVC,AgriculturalPackagingBottles,0,0,0,0
Landfill,PVC,AgriculturalPackagingBottles,0,0,0,0
Sludge amended soil,PVC,AgriculturalPackagingBottles,0,0,0,0
Sludge amended soil (MP),PVC,AgriculturalPackagingBottles,0,0,0,0
Release,PVC,AgriculturalPackagingBottles,0,0,0,0
Incineration,PET,AgriculturalPackagingBottles,0,0,0,0
Landfill,PET,AgriculturalPackagingBottles,0,0,0,0
Sludge amended soil,PET,AgriculturalPackagingBottles,0,0,0,0
Sludge amended soil (MP),PET,AgriculturalPackagingBottles,0,0,0,0
Release,PET,AgriculturalPackagingBottles,0,0,0,0
Incineration,LDPE,BuildingPackagingFilms,0,0,0,0
Landfill,LDPE,BuildingPackagingFilms,0,0,0,0
Sludge amended soil,LDPE,BuildingPackagingFilms,0,0,0,0
Sludge amended soil (MP),LDPE,BuildingPackagingFilms,0,0,0,0
Release,LDPE,BuildingPackagingFilms,0.002885999662167505,0.002762945809830201,0.2698724634737027,0.25836558538721804
Incineration,HDPE,BuildingPackagingFilms,0,0,0,0
Landfill,HDPE,BuildingPackagingFilms,0,0,0,0
Sludge amended soil,HDPE,BuildingPackagingFilms,0,0,0,0
Sludge amended soil (MP),HDPE,BuildingPackagingFilms,0,0,0,0
Release,HDPE,BuildingPackagingFilms,9.851004722540726e-5,9.524396221781691e-5,0.009211764460729322,0.008906349869567884
Incineration,PP,BuildingPackagingFilms,0,0,0,0
Landfill,PP,BuildingPackagingFilms,0,0,0,0
Sludge amended soil,PP,BuildingPackagingFilms,0,0,0,0
Sludge amended soil (MP),PP,BuildingPackagingFilms,0,0,0,0
Release,PP,BuildingPackagingFilms,0,0,0,0
Incineration,PS,BuildingPackagingFilms,0,0,0,0
Landfill,PS,BuildingPackagingFilms,0,0,0,0
Sludge amended soil,PS,BuildingPackagingFilms,0,0,0,0
Sludge amended soil (MP),PS,BuildingPackagingFilms,0,0,0,0
Release,PS,BuildingPackagingFilms,0,0,0,0
Incineration,EPS,BuildingPackagingFilms,0,0,0,0
Landfill,EPS,BuildingPackagingFilms,0,0,0,0
Sludge amended soil,EPS,BuildingPackagingFilms,0,0,0,0
Sludge amended soil (MP),EPS,BuildingPackagingFilms,0,0,0,0
Release,EPS,BuildingPackagingFilms,0,0,0,0
Incineration,PVC,BuildingPackagingFilms,0,0,0,0
Landfill,PVC,BuildingPackagingFilms,0,0,0,0
Sludge amended soil,PVC,BuildingPackagingFilms,0,0,0,0
Sludge amended soil (MP),PVC,BuildingPackagingFilms,0,0,0,0
Release,PVC,BuildingPackagingFilms,0,0,0,0
Incineration,PET,BuildingPackagingFilms,0,0,0,0
Landfill,PET,BuildingPackagingFilms,0,0,0,0
Sludge amended soil,PET,BuildingPackagingFilms,0,0,0,0
Sludge amended soil (MP),PET,BuildingPackagingFilms,0,0,0,0
Release,PET,BuildingPackagingFilms,0,0,0,0
Incineration,LDPE,OtherNonConsumerFilms,0,0,0,0
Landfill,LDPE,OtherNonConsumerFilms,2.094847141632746e-4,3.0226518822394865e-4,0.0195891068916023,0.028265093734305823
Sludge amended soil,LDPE,OtherNonConsumerFilms,9.898846079309273e-4,0.0013961964833630722,0.092565013502595,0.13055960795765453
Sludge amended soil (MP),LDPE,OtherNonConsumerFilms,0,0,0,0
Release,LDPE,OtherNonConsumerFilms,0.023765478233316643,0.0171799486885996,2.2223315686873324,1.606512688037551
Incineration,HDPE,OtherNonConsumerFilms,0,0,0,0
Landfill,HDPE,OtherNonConsumerFilms,1.0862705266926655e-5,1.583279578175901e-5,0.0010157814877124935,0.0014805391896997927
Sludge amended soil,HDPE,OtherNonConsumerFilms,5.180839362487889e-5,7.43303710171207e-5,0.004844650191559807,0.006950700861218743
Sludge amended soil (MP),HDPE,OtherNonConsumerFilms,0,0,0,0
Release,HDPE,OtherNonConsumerFilms,0.001241379178852914,9.152424517788385e-4,0.11608250045683952,0.08558515732872972
Incineration,PP,OtherNonConsumerFilms,0,0,0,0
Landfill,PP,OtherNonConsumerFilms,3.676492890075931e-5,5.272925317691349e-5,0.003437922069759264,0.004930760609062152
Sludge amended soil,PP,OtherNonConsumerFilms,1.74593202177695e-4,2.483872451168912e-4,0.016326369748106383,0.023226918081063603
Sludge amended soil (MP),PP,OtherNonConsumerFilms,0,0,0,0
Release,PP,OtherNonConsumerFilms,0.004260520626046556,0.0031077301800513596,0.3984051738135551,0.29060668665225786
Incineration,PS,OtherNonConsumerFilms,0,0,0,0
Landfill,PS,OtherNonConsumerFilms,0,0,0,0
Sludge amended soil,PS,OtherNonConsumerFilms,0,0,0,0
Sludge amended soil (MP),PS,OtherNonConsumerFilms,0,0,0,0
Release,PS,OtherNonConsumerFilms,0,0,0,0
Incineration,EPS,OtherNonConsumerFilms,0,0,0,0
Landfill,EPS,OtherNonConsumerFilms,0,0,0,0
Sludge amended soil,EPS,OtherNonConsumerFilms,0,0,0,0
Sludge amended soil (MP),EPS,OtherNonConsumerFilms,0,0,0,0
Release,EPS,OtherNonConsumerFilms,0,0,0,0
Incineration,PVC,OtherNonConsumerFilms,0,0,0,0
Landfill,PVC,OtherNonConsumerFilms,7.024074656221945e-8,9.81416376201205e-8,6.568276344405878e-6,9.177314142162255e-6
Sludge amended soil,PVC,OtherNonConsumerFilms,3.333308318166547e-7,4.625148862151317e-7,3.117007043117178e-5,4.32501893095829e-5
Sludge amended soil (MP),PVC,OtherNonConsumerFilms,0,0,0,0
Release,PVC,OtherNonConsumerFilms,7.945479567583838e-6,5.801340883543003e-6,7.429890489915679e-4,5.424886829392803e-4
Incineration,PET,OtherNonConsumerFilms,0,0,0,0
Landfill,PET,OtherNonConsumerFilms,2.2752012835038236e-6,3.253342579282944e-6,2.1275614939488842e-4,3.0422303505592686e-4
Sludge amended soil,PET,OtherNonConsumerFilms,1.0863738400412406e-5,1.534410883118815e-5,0.0010158780969680495,0.00143484162675588
Sludge amended soil (MP),PET,OtherNonConsumerFilms,0,0,0,0
Release,PET,OtherNonConsumerFilms,2.6454285805820185e-4,1.9010140500231947e-4,0.024737644198101545,0.017776555954014648
Incineration,LDPE,NonConsumerBags,0,0,0,0
Landfill,LDPE,NonConsumerBags,9.315518549257601e-8,1.3399212586955918e-7,8.711026450831261e-6,1.2529726031685721e-5
Sludge amended soil,LDPE,NonConsumerBags,4.419399353356611e-7,6.298198573652782e-7,4.1326206866867397e-5,5.889502991977776e-5
Sludge amended soil (MP),LDPE,NonConsumerBags,0,0,0,0
Release,LDPE,NonConsumerBags,1.0662312819906667e-5,7.764756770866276e-6,9.97042607023162e-4,7.26089495261407e-4
Incineration,HDPE,NonConsumerBags,0,0,0,0
Landfill,HDPE,NonConsumerBags,0,0,0,0
Sludge amended soil,HDPE,NonConsumerBags,0,0,0,0
Sludge amended soil (MP),HDPE,NonConsumerBags,0,0,0,0
Release,HDPE,NonConsumerBags,0,0,0,0
Incineration,PP,NonConsumerBags,0,0,0,0
Landfill,PP,NonConsumerBags,1.5366133270599656e-5,2.179606112047187e-5,0.001436901152194683,0.002038169576287266
Sludge amended soil,PP,NonConsumerBags,7.274132555239539e-5,1.0106392940933533e-4,0.006802107768932981,0.009450580315572712
Sludge amended soil (MP),PP,NonConsumerBags,0,0,0,0
Release,PP,NonConsumerBags,0.0017956307816111878,0.0013095578643444702,0.16791107389065785,0.12245795158776109
Incineration,PS,NonConsumerBags,0,0,0,0
Landfill,PS,NonConsumerBags,0,0,0,0
Sludge amended soil,PS,NonConsumerBags,0,0,0,0
Sludge amended soil (MP),PS,NonConsumerBags,0,0,0,0
Release,PS,NonConsumerBags,0,0,0,0
Incineration,EPS,NonConsumerBags,0,0,0,0
Landfill,EPS,NonConsumerBags,0,0,0,0
Sludge amended soil,EPS,NonConsumerBags,0,0,0,0
Sludge amended soil (MP),EPS,NonConsumerBags,0,0,0,0
Release,EPS,NonConsumerBags,0,0,0,0
Incineration,PVC,NonConsumerBags,0,0,0,0
Landfill,PVC,NonConsumerBags,0,0,0,0
Sludge amended soil,PVC,NonConsumerBags,0,0,0,0
Sludge amended soil (MP),PVC,NonConsumerBags,0,0,0,0
Release,PVC,NonConsumerBags,0,0,0,0
Incineration,PET,NonConsumerBags,0,0,0,0
Landfill,PET,NonConsumerBags,0,0,0,0
Sludge amended soil,PET,NonConsumerBags,0,0,0,0
Sludge amended soil (MP),PET,NonConsumerBags,0,0,0,0
Release,PET,NonConsumerBags,0,0,0,0
Incineration,LDPE,NonConsumerOther,0,0,0,0
Landfill,LDPE,NonConsumerOther,0,0,0,0
Sludge amended soil,LDPE,NonConsumerOther,0,0,0,0
Sludge amended soil (MP),LDPE,NonConsumerOther,0,0,0,0
Release,LDPE,NonConsumerOther,0,0,0,0
Incineration,HDPE,NonConsumerOther,0,0,0,0
Landfill,HDPE,NonConsumerOther,1.784846710319965e-4,2.539028217766491e-4,0.016690264553781024,0.023742684690519468
Sludge amended soil,HDPE,NonConsumerOther,8.514508217742614e-4,0.001197707598635373,0.07961994376200027,0.1119987311163242
Sludge amended soil (MP),HDPE,NonConsumerOther,0,0,0,0
Release,HDPE,NonConsumerOther,0.020602074297766063,0.01469858022732638,1.9265187783253732,1.3744776576083313
Incineration,PP,NonConsumerOther,0,0,0,0
Landfill,PP,NonConsumerOther,9.628516242528347e-5,1.3732800659731323e-4,0.009003713451636808,0.012841667284366708
Sludge amended soil,PP,NonConsumerOther,4.5818789805111186e-4,6.398189672497199e-4,0.04284556869560523,0.059830055814767594
Sludge amended soil (MP),PP,NonConsumerOther,0,0,0,0
Release,PP,NonConsumerOther,0.011097819469103376,0.007965644873427906,1.0377672314292588,0.744874725152996
Incineration,PS,NonConsumerOther,0,0,0,0
Landfill,PS,NonConsumerOther,4.590171287504883e-5,6.66272902883935e-5,0.00429231108154337,0.006230378748971123
Sludge amended soil,PS,NonConsumerOther,2.1828840086541817e-4,3.123321924231646e-4,0.020412347673333293,0.02920646848866116
Sludge amended soil (MP),PS,NonConsumerOther,0,0,0,0
Release,PS,NonConsumerOther,0.005324752281908106,0.0038428345782738414,0.4979224476507773,0.3593469701177313
Incineration,EPS,NonConsumerOther,0,0,0,0
Landfill,EPS,NonConsumerOther,2.0675199908459575e-5,2.945236945992822e-5,0.0019333568209487237,0.0027541179597085994
Sludge amended soil,EPS,NonConsumerOther,9.828617298832255e-5,1.3929953796865244e-4,0.00919082977641097,0.013026026983009014
Sludge amended soil (MP),EPS,NonConsumerOther,0,0,0,0
Release,EPS,NonConsumerOther,0.002353470684150858,0.0016943133939251419,0.22007519251333468,0.15843679246020964
Incineration,PVC,NonConsumerOther,0,0,0,0
Landfill,PVC,NonConsumerOther,1.1272426293650131e-6,1.598065146738482e-6,1.0540948750175338e-4,1.4943653098624203e-4
Sludge amended soil,PVC,NonConsumerOther,5.382225175564716e-6,7.565470592327977e-6,5.032967904122808e-4,7.074540627478777e-4
Sludge amended soil (MP),PVC,NonConsumerOther,0,0,0,0
Release,PVC,NonConsumerOther,1.2886699482598854e-4,9.413691102739439e-5,0.01205047034829622,0.008802828501957453
Incineration,PET,NonConsumerOther,0,0,0,0
Landfill,PET,NonConsumerOther,1.201912479162062e-4,1.6931878088380945e-4,0.01123919333336446,0.015833153797100343
Sludge amended soil,PET,NonConsumerOther,5.736114812553613e-4,7.962834826017778e-4,0.05363893334863433,0.0744611955053959
Sludge amended soil (MP),PET,NonConsumerOther,0,0,0,0
Release,PET,NonConsumerOther,0.013945026971656924,0.010039950124286772,1.3040122046382463,0.9388449031069629
Incineration,LDPE,PipesDucts,0,0,0,0
Landfill,LDPE,PipesDucts,0,0,0,0
Sludge amended soil,LDPE,PipesDucts,0,0,0,0
Sludge amended soil (MP),LDPE,PipesDucts,0,0,0,0
Release,LDPE,PipesDucts,3.2209103980505896e-5,1.4774946294551588e-5,0.003011902721766591,0.0013816187182806624
Incineration,HDPE,PipesDucts,0,0,0,0
Landfill,HDPE,PipesDucts,0,0,0,0
Sludge amended soil,HDPE,PipesDucts,0,0,0,0
Sludge amended soil (MP),HDPE,PipesDucts,0,0,0,0
Release,HDPE,PipesDucts,1.959371129309721e-4,8.977529386161198e-5,0.01832225833072099,0.00839496969840692
Incineration,PP,PipesDucts,0,0,0,0
Landfill,PP,PipesDucts,0,0,0,0
Sludge amended soil,PP,PipesDucts,0,0,0,0
Sludge amended soil (MP),PP,PipesDucts,0,0,0,0
Release,PP,PipesDucts,8.764077219249076e-5,3.980431333603036e-5,0.008195368628200587,0.0037221376834139755
Incineration,PS,PipesDucts,0,0,0,0
Landfill,PS,PipesDucts,0,0,0,0
Sludge amended soil,PS,PipesDucts,0,0,0,0
Sludge amended soil (MP),PS,PipesDucts,0,0,0,0
Release,PS,PipesDucts,0,0,0,0
Incineration,EPS,PipesDucts,0,0,0,0
Landfill,EPS,PipesDucts,0,0,0,0
Sludge amended soil,EPS,PipesDucts,0,0,0,0
Sludge amended soil (MP),EPS,PipesDucts,0,0,0,0
Release,EPS,PipesDucts,0,0,0,0
Incineration,PVC,PipesDucts,0,0,0,0
Landfill,PVC,PipesDucts,0,0,0,0
Sludge amended soil,PVC,PipesDucts,0,0,0,0
Sludge amended soil (MP),PVC,PipesDucts,0,0,0,0
Release,PVC,PipesDucts,1.2084653239105885e-4,5.700929230325344e-5,0.011300469582915973,0.005330990975659525
Incineration,PET,PipesDucts,0,0,0,0
Landfill,PET,PipesDucts,0,0,0,0
Sludge amended soil,PET,PipesDucts,0,0,0,0
Sludge amended soil (MP),PET,PipesDucts,0,0,0,0
Release,PET,PipesDucts,0,0,0,0
Incineration,LDPE,Insulation,0,0,0,0
Landfill,LDPE,Insulation,0,0,0,0
Sludge amended soil,LDPE,Insulation,0,0,0,0
Sludge amended soil (MP),LDPE,Insulation,0,0,0,0
Release,LDPE,Insulation,0,0,0,0
Incineration,HDPE,Insulation,0,0,0,0
Landfill,HDPE,Insulation,0,0,0,0
Sludge amended soil,HDPE,Insulation,0,0,0,0
Sludge amended soil (MP),HDPE,Insulation,0,0,0,0
Release,HDPE,Insulation,0,0,0,0
Incineration,PP,Insulation,0,0,0,0
Landfill,PP,Insulation,0,0,0,0
Sludge amended soil,PP,Insulation,0,0,0,0
Sludge amended soil (MP),PP,Insulation,0,0,0,0
Release,PP,Insulation,0,0,0,0
Incineration,PS,Insulation,0,0,0,0
Landfill,PS,Insulation,0,0,0,0
Sludge amended soil,PS,Insulation,0,0,0,0
Sludge amended soil (MP),PS,Insulation,0,0,0,0
Release,PS,Insulation,0,0,0,0
Incineration,EPS,Insulation,0,0,0,0
Landfill,EPS,Insulation,0,0,0,0
Sludge amended soil,EPS,Insulation,0,0,0,0
Sludge amended soil (MP),EPS,Insulation,0,0,0,0
Release,EPS,Insulation,0.018991795342832643,0.014569072295326994,1.7759401229829948,1.3623672526397426
Incineration,PVC,Insulation,0,0,0,0
Landfill,PVC,Insulation,0,0,0,0
Sludge amended soil,PVC,Insulation,0,0,0,0
Sludge amended soil (MP),PVC,Insulation,0,0,0,0
Release,PVC,Insulation,0,0,0,0
Incineration,PET,Insulation,0,0,0,0
Landfill,PET,Insulation,0,0,0,0
Sludge amended soil,PET,Insulation,0,0,0,0
Sludge amended soil (MP),PET,Insulation,0,0,0,0
Release,PET,Insulation,0,0,0,0
Incineration,LDPE,WallFloorCoverings,0,0,0,0
Landfill,LDPE,WallFloorCoverings,0,0,0,0
Sludge amended soil,LDPE,WallFloorCoverings,0,0,0,0
Sludge amended soil (MP),LDPE,WallFloorCoverings,0,0,0,0
Release,LDPE,WallFloorCoverings,0,0,0,0
Incineration,HDPE,WallFloorCoverings,0,0,0,0
Landfill,HDPE,WallFloorCoverings,0,0,0,0
Sludge amended soil,HDPE,WallFloorCoverings,0,0,0,0
Sludge amended soil (MP),HDPE,WallFloorCoverings,0,0,0,0
Release,HDPE,WallFloorCoverings,0,0,0,0
Incineration,PP,WallFloorCoverings,0,0,0,0
Landfill,PP,WallFloorCoverings,0,0,0,0
Sludge amended soil,PP,WallFloorCoverings,0,0,0,0
Sludge amended soil (MP),PP,WallFloorCoverings,0,0,0,0
Release,PP,WallFloorCoverings,0,0,0,0
Incineration,PS,WallFloorCoverings,0,0,0,0
Landfill,PS,WallFloorCoverings,0,0,0,0
Sludge amended soil,PS,WallFloorCoverings,0,0,0,0
Sludge amended soil (MP),PS,WallFloorCoverings,0,0,0,0
Release,PS,WallFloorCoverings,0,0,0,0
Incineration,EPS,WallFloorCoverings,0,0,0,0
Landfill,EPS,WallFloorCoverings,0,0,0,0
Sludge amended soil,EPS,WallFloorCoverings,0,0,0,0
Sludge amended soil (MP),EPS,WallFloorCoverings,0,0,0,0
Release,EPS,WallFloorCoverings,0,0,0,0
Incineration,PVC,WallFloorCoverings,0,0,0,0
Landfill,PVC,WallFloorCoverings,8.19816509054564e-5,7.695277633727274e-5,0.007666179029584553,0.007195924377095543
Sludge amended soil,PVC,WallFloorCoverings,0,0,0,0
Sludge amended soil (MP),PVC,WallFloorCoverings,3.885804042934986e-4,3.528242081245134e-4,0.03633650839915008,0.03299291384816329
Release,PVC,WallFloorCoverings,0.013077905126807489,0.009442880360018441,1.2229268492000458,0.8830123642951807
Incineration,PET,WallFloorCoverings,0,0,0,0
Landfill,PET,WallFloorCoverings,0,0,0,0
Sludge amended soil,PET,WallFloorCoverings,0,0,0,0
Sludge amended soil (MP),PET,WallFloorCoverings,0,0,0,0
Release,PET,WallFloorCoverings,0,0,0,0
Incineration,LDPE,WindowsProfilesFittedFurniture,0,0,0,0
Landfill,LDPE,WindowsProfilesFittedFurniture,0,0,0,0
Sludge amended soil,LDPE,WindowsProfilesFittedFurniture,0,0,0,0
Sludge amended soil (MP),LDPE,WindowsProfilesFittedFurniture,0,0,0,0
Release,LDPE,WindowsProfilesFittedFurniture,0,0,0,0
Incineration,HDPE,WindowsProfilesFittedFurniture,0,0,0,0
Landfill,HDPE,WindowsProfilesFittedFurniture,0,0,0,0
Sludge amended soil,HDPE,WindowsProfilesFittedFurniture,0,0,0,0
Sludge amended soil (MP),HDPE,WindowsProfilesFittedFurniture,0,0,0,0
Release,HDPE,WindowsProfilesFittedFurniture,0,0,0,0
Incineration,PP,WindowsProfilesFittedFurniture,0,0,0,0
Landfill,PP,WindowsProfilesFittedFurniture,0,0,0,0
Sludge amended soil,PP,WindowsProfilesFittedFurniture,0,0,0,0
Sludge amended soil (MP),PP,WindowsProfilesFittedFurniture,0,0,0,0
Release,PP,WindowsProfilesFittedFurniture,0,0,0,0
Incineration,PS,WindowsProfilesFittedFurniture,0,0,0,0
Landfill,PS,WindowsProfilesFittedFurniture,0,0,0,0
Sludge amended soil,PS,WindowsProfilesFittedFurniture,0,0,0,0
Sludge amended soil (MP),PS,WindowsProfilesFittedFurniture,0,0,0,0
Release,PS,WindowsProfilesFittedFurniture,0,0,0,0
Incineration,EPS,WindowsProfilesFittedFurniture,0,0,0,0
Landfill,EPS,WindowsProfilesFittedFurniture,0,0,0,0
Sludge amended soil,EPS,WindowsProfilesFittedFurniture,0,0,0,0
Sludge amended soil (MP),EPS,WindowsProfilesFittedFurniture,0,0,0,0
Release,EPS,WindowsProfilesFittedFurniture,0,0,0,0
Incineration,PVC,WindowsProfilesFittedFurniture,0,0,0,0
Landfill,PVC,WindowsProfilesFittedFurniture,0,0,0,0
Sludge amended soil,PVC,WindowsProfilesFittedFurniture,0,0,0,0
Sludge amended soil (MP),PVC,WindowsProfilesFittedFurniture,0,0,0,0
Release,PVC,WindowsProfilesFittedFurniture,0,0,0,0
Incineration,PET,WindowsProfilesFittedFurniture,0,0,0,0
Landfill,PET,WindowsProfilesFittedFurniture,0,0,0,0
Sludge amended soil,PET,WindowsProfilesFittedFurniture,0,0,0,0
Sludge amended soil (MP),PET,WindowsProfilesFittedFurniture,0,0,0,0
Release,PET,WindowsProfilesFittedFurniture,0,0,0,0
Incineration,LDPE,Lining,0,0,0,0
Landfill,LDPE,Lining,0,0,0,0
Sludge amended soil,LDPE,Lining,0,0,0,0
Sludge amended soil (MP),LDPE,Lining,0,0,0,0
Release,LDPE,Lining,0,0,0,0
Incineration,HDPE,Lining,0,0,0,0
Landfill,HDPE,Lining,0,0,0,0
Sludge amended soil,HDPE,Lining,0,0,0,0
Sludge amended soil (MP),HDPE,Lining,0,0,0,0
Release,HDPE,Lining,0,0,0,0
Incineration,PP,Lining,0,0,0,0
Landfill,PP,Lining,0,0,0,0
Sludge amended soil,PP,Lining,0,0,0,0
Sludge amended soil (MP),PP,Lining,0,0,0,0
Release,PP,Lining,0,0,0,0
Incineration,PS,Lining,0,0,0,0
Landfill,PS,Lining,0,0,0,0
Sludge amended soil,PS,Lining,0,0,0,0
Sludge amended soil (MP),PS,Lining,0,0,0,0
Release,PS,Lining,0,0,0,0
Incineration,EPS,Lining,0,0,0,0
Landfill,EPS,Lining,0,0,0,0
Sludge amended soil,EPS,Lining,0,0,0,0
Sludge amended soil (MP),EPS,Lining,0,0,0,0
Release,EPS,Lining,0,0,0,0
Incineration,PVC,Lining,0,0,0,0
Landfill,PVC,Lining,0,0,0,0
Sludge amended soil,PVC,Lining,0,0,0,0
Sludge amended soil (MP),PVC,Lining,0,0,0,0
Release,PVC,Lining,0.001360469881567814,0.0013277823108360355,0.12721878080357613,0.12416213621903356
Incineration,PET,Lining,0,0,0,0
Landfill,PET,Lining,0,0,0,0
Sludge amended soil,PET,Lining,0,0,0,0
Sludge amended soil (MP),PET,Lining,0,0,0,0
Release,PET,Lining,0,0,0,0
Incineration,LDPE,AutomotivePC,0,0,0,0
Landfill,LDPE,AutomotivePC,0,0,0,0
Sludge amended soil,LDPE,AutomotivePC,0,0,0,0
Sludge amended soil (MP),LDPE,AutomotivePC,0,0,0,0
Release,LDPE,AutomotivePC,9.303787622190168e-4,4.7615135529892994e-4,0.08700056753821177,0.044525347984398445
Incineration,HDPE,AutomotivePC,0,0,0,0
Landfill,HDPE,AutomotivePC,0,0,0,0
Sludge amended soil,HDPE,AutomotivePC,0,0,0,0
Sludge amended soil (MP),HDPE,AutomotivePC,0,0,0,0
Release,HDPE,AutomotivePC,0.00315332909630687,0.001601892219577572,0.2948706829454395,0.14979440406173739
Incineration,PP,AutomotivePC,0,0,0,0
Landfill,PP,AutomotivePC,0,0,0,0
Sludge amended soil,PP,AutomotivePC,0,0,0,0
Sludge amended soil (MP),PP,AutomotivePC,0,0,0,0
Release,PP,AutomotivePC,0.01464439316591802,0.007565770824116731,1.3694105760204935,0.707482137696571
Incineration,PS,AutomotivePC,0,0,0,0
Landfill,PS,AutomotivePC,0,0,0,0
Sludge amended soil,PS,AutomotivePC,0,0,0,0
Sludge amended soil (MP),PS,AutomotivePC,0,0,0,0
Release,PS,AutomotivePC,1.9542121599325885e-5,9.956782502348107e-6,0.001827401633703529,9.310678228432112e-4
Incineration,EPS,AutomotivePC,0,0,0,0
Landfill,EPS,AutomotivePC,0,0,0,0
Sludge amended soil,EPS,AutomotivePC,0,0,0,0
Sludge amended soil (MP),EPS,AutomotivePC,0,0,0,0
Release,EPS,AutomotivePC,0,0,0,0
Incineration,PVC,AutomotivePC,0,0,0,0
Landfill,PVC,AutomotivePC,0,0,0,0
Sludge amended soil,PVC,AutomotivePC,0,0,0,0
Sludge amended soil (MP),PVC,AutomotivePC,0,0,0,0
Release,PVC,AutomotivePC,0.0010421687545263195,5.282341196059928e-4,0.09745415178881416,0.04939565482896366
Incineration,PET,AutomotivePC,0,0,0,0
Landfill,PET,AutomotivePC,0,0,0,0
Sludge amended soil,PET,AutomotivePC,0,0,0,0
Sludge amended soil (MP),PET,AutomotivePC,0,0,0,0
Release,PET,AutomotivePC,6.938252732547925e-7,3.5567505238887025e-7,6.488023479980506e-5,3.325949889828904e-5
Incineration,LDPE,EEEPC,0,0,0,0
Landfill,LDPE,EEEPC,1.23790037681154e-8,1.6603428915904674e-8,1.157571945016275e-6,1.552601797700985e-6
Sludge amended soil,LDPE,EEEPC,5.8504767497889337e-8,7.626096257023055e-8,5.470834226554811e-6,7.131232240078286e-6
Sludge amended soil (MP),LDPE,EEEPC,0,0,0,0
Release,LDPE,EEEPC,7.113546678075035e-5,5.268287865327809e-5,0.006651942448965751,0.004926424085014707
Incineration,HDPE,EEEPC,0,0,0,0
Landfill,HDPE,EEEPC,1.1545900968356414e-8,1.558381665081494e-8,1.0796677415456e-6,1.4572569238346075e-6
Sludge amended soil,HDPE,EEEPC,5.4823794837479536e-8,7.276916984553916e-8,5.1266231121647066e-6,6.80471151420811e-6
Sludge amended soil (MP),HDPE,EEEPC,0,0,0,0
Release,HDPE,EEEPC,6.589312928944758e-5,4.8948273053347836e-5,0.006161726683633372,0.004577197705480445
Incineration,PP,EEEPC,0,0,0,0
Landfill,PP,EEEPC,4.284180816463773e-7,5.738292803659693e-7,4.006176598224259e-5,5.365929994232895e-5
Sludge amended soil,PP,EEEPC,2.0299785580274976e-6,2.636616965346496e-6,1.8982514843478139e-4,2.465524597948891e-4
Sludge amended soil (MP),PP,EEEPC,0,0,0,0
Release,PP,EEEPC,0.002467785371041882,0.001848925959568533,0.23076486325963536,0.1728947546426563
Incineration,PS,EEEPC,0,0,0,0
Landfill,PS,EEEPC,2.4736855968840304e-7,3.341688894369564e-7,2.3131659876534084e-5,3.1248437964435405e-5
Sludge amended soil,PS,EEEPC,1.1778066319087355e-6,1.560028638009351e-6,1.1013777354712193e-4,1.458797023257147e-4
Sludge amended soil (MP),PS,EEEPC,0,0,0,0
Release,PS,EEEPC,0.001430579249530402,0.001063939298787672,0.1337747718151751,0.09948993526030699
Incineration,EPS,EEEPC,0,0,0,0
Landfill,EPS,EEEPC,0,0,0,0
Sludge amended soil,EPS,EEEPC,0,0,0,0
Sludge amended soil (MP),EPS,EEEPC,0,0,0,0
Release,EPS,EEEPC,0,0,0,0
Incineration,PVC,EEEPC,0,0,0,0
Landfill,PVC,EEEPC,1.0117132116584398e-7,1.3300538516997838e-7,9.46062261677797e-6,1.2437455007923494e-5
Sludge amended soil,PVC,EEEPC,4.827698244358274e-7,6.24754442010341e-7,4.5144247076388544e-5,5.8421358304955816e-5
Sludge amended soil (MP),PVC,EEEPC,0,0,0,0
Release,PVC,EEEPC,5.715627403480104e-4,4.2413858539933026e-4,0.053447353715783345,0.03966158638078357
Incineration,PET,EEEPC,0,0,0,0
Landfill,PET,EEEPC,4.4775413037948424e-11,5.918361206023528e-11,4.1869897554070974e-9,5.5343136013993795e-9
Sludge amended soil,PET,EEEPC,2.1426659646418176e-10,2.7799657772139347e-10,2.0036265071661783e-8,2.599571380773665e-8
Sludge amended soil (MP),PET,EEEPC,0,0,0,0
Release,PET,EEEPC,2.6068587445606943e-7,1.9476168458483384e-7,2.437697413984402e-5,1.8212342952847762e-5
Incineration,LDPE,AgriculturalFilms,0,0,0,0
Landfill,LDPE,AgriculturalFilms,3.1520394723496603e-7,4.211252775438689e-7,2.9475008903170852e-5,3.937980921191611e-5
Sludge amended soil,LDPE,AgriculturalFilms,1.4942584446116322e-6,1.9416789550064836e-6,1.397294714895636e-4,1.8156817193425953e-4
Sludge amended soil (MP),LDPE,AgriculturalFilms,0,0,0,0
Release,LDPE,AgriculturalFilms,0.16988466977848238,0.08295206998409342,15.88607058432654,7.7569238036698565
Incineration,HDPE,AgriculturalFilms,0,0,0,0
Landfill,HDPE,AgriculturalFilms,0,0,0,0
Sludge amended soil,HDPE,AgriculturalFilms,0,0,0,0
Sludge amended soil (MP),HDPE,AgriculturalFilms,0,0,0,0
Release,HDPE,AgriculturalFilms,0,0,0,0
Incineration,PP,AgriculturalFilms,0,0,0,0
Landfill,PP,AgriculturalFilms,0,0,0,0
Sludge amended soil,PP,AgriculturalFilms,0,0,0,0
Sludge amended soil (MP),PP,AgriculturalFilms,0,0,0,0
Release,PP,AgriculturalFilms,0,0,0,0
Incineration,PS,AgriculturalFilms,0,0,0,0
Landfill,PS,AgriculturalFilms,0,0,0,0
Sludge amended soil,PS,AgriculturalFilms,0,0,0,0
Sludge amended soil (MP),PS,AgriculturalFilms,0,0,0,0
Release,PS,AgriculturalFilms,0,0,0,0
Incineration,EPS,AgriculturalFilms,0,0,0,0
Landfill,EPS,AgriculturalFilms,0,0,0,0
Sludge amended soil,EPS,AgriculturalFilms,0,0,0,0
Sludge amended soil (MP),EPS,AgriculturalFilms,0,0,0,0
Release,EPS,AgriculturalFilms,0,0,0,0
Incineration,PVC,AgriculturalFilms,0,0,0,0
Landfill,PVC,AgriculturalFilms,2.038833034254601e-9,2.7463260324958077e-9,1.9065313859136482e-7,2.568114548339772e-7
Sludge amended soil,PVC,AgriculturalFilms,9.677820018033554e-9,1.2672549606469205e-8,9.049817862280264e-7,1.185021684383014e-6
Sludge amended soil (MP),PVC,AgriculturalFilms,0,0,0,0
Release,PVC,AgriculturalFilms,0.0010718019314029906,5.327779245969099e-4,0.10022517721514874,0.04982055018238928
Incineration,PET,AgriculturalFilms,0,0,0,0
Landfill,PET,AgriculturalFilms,0,0,0,0
Sludge amended soil,PET,AgriculturalFilms,0,0,0,0
Sludge amended soil (MP),PET,AgriculturalFilms,0,0,0,0
Release,PET,AgriculturalFilms,0,0,0,0
Incineration,LDPE,AgriculturalPipes,0,0,0,0
Landfill,LDPE,AgriculturalPipes,3.2632834111894775e-9,4.353105785783621e-9,3.051526113239918e-7,4.070628966355261e-7
Sludge amended soil,LDPE,AgriculturalPipes,1.5447809743612096e-8,2.013109768115397e-8,1.4445387937608487e-6,1.8824773248803805e-6
Sludge amended soil (MP),LDPE,AgriculturalPipes,0,0,0,0
Release,LDPE,AgriculturalPipes,0.0019030876418221706,0.0014764370633886638,0.17795946300256346,0.1380629778595767
Incineration,HDPE,AgriculturalPipes,0,0,0,0
Landfill,HDPE,AgriculturalPipes,3.0748976130322407e-9,4.1496003028819526e-09,2.875364833324971e-7,3.880329131185387e-7
Sludge amended soil,HDPE,AgriculturalPipes,1.4603623572717556e-8,1.9237584869883322e-8,1.3655981741356066e-6,1.798924126075838e-6
Sludge amended soil (MP),HDPE,AgriculturalPipes,0,0,0,0
Release,HDPE,AgriculturalPipes,0.001822217023315458,0.0013872684155109458,0.1703971776270145,0.12972473618102234
Incineration,PP,AgriculturalPipes,0,0,0,0
Landfill,PP,AgriculturalPipes,3.073352759836724e-9,3.958341162783588e-9,2.8739202269965484e-7,3.7014809629862183e-7
Sludge amended soil,PP,AgriculturalPipes,1.4676670029867224e-8,1.8748334932841085e-8,1.3724288150388015e-6,1.7531739177529519e-6
Sludge amended soil (MP),PP,AgriculturalPipes,0,0,0,0
Release,PP,AgriculturalPipes,0.0018405344749835553,0.0013955810898870077,0.17211005925726294,0.1305020619518222
Incineration,PS,AgriculturalPipes,0,0,0,0
Landfill,PS,AgriculturalPipes,0,0,0,0
Sludge amended soil,PS,AgriculturalPipes,0,0,0,0
Sludge amended soil (MP),PS,AgriculturalPipes,0,0,0,0
Release,PS,AgriculturalPipes,0,0,0,0
Incineration,EPS,AgriculturalPipes,0,0,0,0
Landfill,EPS,AgriculturalPipes,0,0,0,0
Sludge amended soil,EPS,AgriculturalPipes,0,0,0,0
Sludge amended soil (MP),EPS,AgriculturalPipes,0,0,0,0
Release,EPS,AgriculturalPipes,0,0,0,0
Incineration,PVC,AgriculturalPipes,0,0,0,0
Landfill,PVC,AgriculturalPipes,3.1447930416315763e-9,4.122575739006113e-9,2.9407246867890087e-7,3.855058214757082e-7
Sludge amended soil,PVC,AgriculturalPipes,1.497963348668429e-8,1.9276872830888073e-8,1.4007592045068044e-6,1.8025979791812982e-6
Sludge amended soil (MP),PVC,AgriculturalPipes,0,0,0,0
Release,PVC,AgriculturalPipes,0.001862571331417942,0.0014210680092089805,0.17417074582321276,0.13288536704847304
Incineration,PET,AgriculturalPipes,0,0,0,0
Landfill,PET,AgriculturalPipes,0,0,0,0
Sludge amended soil,PET,AgriculturalPipes,0,0,0,0
Sludge amended soil (MP),PET,AgriculturalPipes,0,0,0,0
Release,PET,AgriculturalPipes,0,0,0,0
Incineration,LDPE,AgriculturalOther,0,0,0,0
Landfill,LDPE,AgriculturalOther,1.0206376975153584e-8,1.358709672791486e-8,9.544076298876947e-7,1.2705418207374157e-6
Sludge amended soil,LDPE,AgriculturalOther,4.8151529853822994e-8,6.233518509758576e-8,4.502693521425828e-6,5.829020073668435e-6
Sludge amended soil (MP),LDPE,AgriculturalOther,0,0,0,0
Release,LDPE,AgriculturalOther,0.0042217748971080165,0.0028131585115736056,0.39478202532369194,0.26306102097399336
Incineration,HDPE,AgriculturalOther,0,0,0,0
Landfill,HDPE,AgriculturalOther,6.224375109719809e-10,8.488309338283496e-10,5.820469996808294e-8,7.937495564808716e-8
Sludge amended soil,HDPE,AgriculturalOther,2.9561976127244154e-9,3.9171646349065114e-9,2.764367379245772e-7,3.66297641580573e-7
Sludge amended soil (MP),HDPE,AgriculturalOther,0,0,0,0
Release,HDPE,AgriculturalOther,2.610879130719184e-4,1.754801086006275e-4,0.024414569137893753,0.016409305177505454
Incineration,PP,AgriculturalOther,0,0,0,0
Landfill,PP,AgriculturalOther,4.0516798865022006e-10,5.447057306885531e-10,3.7887628557654956e-8,5.0935930220712227e-8
Sludge amended soil,PP,AgriculturalOther,1.921274051409478e-9,2.5275936081793785e-9,1.7966009076818918e-7,2.363575861223239e-7
Sludge amended soil (MP),PP,AgriculturalOther,0,0,0,0
Release,PP,AgriculturalOther,1.677686644611803e-4,1.1186986506575694e-4,0.015688200995085187,0.010461053225173338
Incineration,PS,AgriculturalOther,0,0,0,0
Landfill,PS,AgriculturalOther,8.00963064759083e-10,1.0764958688007634e-9,7.489878750562191e-8,1.0066411158701797e-7
Sludge amended soil,PS,AgriculturalOther,3.844498548140083e-9,5.148909208066858e-9,3.595025694592127e-7,4.814792012622158e-7
Sludge amended soil (MP),PS,AgriculturalOther,0,0,0,0
Release,PS,AgriculturalOther,3.453296757461628e-4,2.2601435750211016e-4,0.03229209328257463,0.021134808932621568
Incineration,EPS,AgriculturalOther,0,0,0,0
Landfill,EPS,AgriculturalOther,0,0,0,0
Sludge amended soil,EPS,AgriculturalOther,0,0,0,0
Sludge amended soil (MP),EPS,AgriculturalOther,0,0,0,0
Release,EPS,AgriculturalOther,0,0,0,0
Incineration,PVC,AgriculturalOther,0,0,0,0
Landfill,PVC,AgriculturalOther,2.92437448927478e-9,3.917439130755532e-9,2.734609285946722e-7,3.663233099380436e-7
Sludge amended soil,PVC,AgriculturalOther,1.3947294438373761e-8,1.8417155198062384e-8,1.3042242375212502e-6,1.72220499836986e-6
Sludge amended soil (MP),PVC,AgriculturalOther,0,0,0,0
Release,PVC,AgriculturalOther,0.0012124566609345994,8.01571727542725e-4,0.1133779293985686,0.07495570411826036
Incineration,PET,AgriculturalOther,0,0,0,0
Landfill,PET,AgriculturalOther,0,0,0,0
Sludge amended soil,PET,AgriculturalOther,0,0,0,0
Sludge amended soil (MP),PET,AgriculturalOther,0,0,0,0
Release,PET,AgriculturalOther,0,0,0,0
Incineration,LDPE,Household,0,0,0,0
Landfill,LDPE,Household,8.305901310960175e-6,7.606314802194999e-6,7.766924152980651e-4,7.112734421053832e-4
Sludge amended soil,LDPE,Household,3.385819190273338e-7,4.3981671809863464e-7,3.166110439075197e-5,4.112766288442777e-5
Sludge amended soil (MP),LDPE,Household,3.924289223464112e-5,3.514534129419488e-5,0.003669638683617058,0.003286472953903597
Release,LDPE,Household,0.001120752756591347,7.093900582998819e-4,0.10480261357310407,0.06633571206081144
Incineration,HDPE,Household,0,0,0,0
Landfill,HDPE,Household,1.968864955501791e-5,1.804915050810629e-5,0.0018411035966277634,0.0016877925438050741
Sludge amended soil,HDPE,Household,8.058515376039589e-7,1.0549018012853503e-6,7.53559130647705e-5,9.864483061717019e-5
Sludge amended soil (MP),HDPE,Household,9.242573123422822e-5,8.38260284503672e-5,0.008642814517104335,0.007838648457819631
Release,HDPE,Household,0.0026271907225015856,0.001690484688333665,0.2456710032198225,0.1580787667045478
Incineration,PP,Household,0,0,0,0
Landfill,PP,Household,2.2695389466982467e-5,2.050139123599473e-5,0.0021222665911019753,0.0019171038132903817
Sludge amended soil,PP,Household,9.309224997492134e-7,1.211265437428738e-6,8.705141293112047e-5,1.132665370008879e-4
Sludge amended soil (MP),PP,Household,1.0699021071975129e-4,9.64766363317712e-5,0.010004752291905844,0.009021618351457887
Release,PP,Household,0.0030428735242705655,0.0019602453257385856,0.2845418815527717,0.18330433021345882
Incineration,PS,Household,0,0,0,0
Landfill,PS,Household,1.585300873584724e-5,1.4657656764065399e-5,0.0014824293214920376,0.0013706508671935944
Sludge amended soil,PS,Household,6.466598616750171e-7,8.703084942104431e-7,6.046975409856154e-5,8.13833419295213e-5
Sludge amended soil (MP),PS,Household,7.493618933310112e-5,6.775907671055169e-5,0.007007351485088994,0.0063362131306856796
Release,PS,Household,0.002100229802078579,0.0013419293506101513,0.19639440640895547,0.1254850388252777
Incineration,EPS,Household,0,0,0,0
Landfill,EPS,Household,3.3903941429813054e-6,3.10314822915934e-6,3.170388519124062e-4,2.90178224240791e-4
Sludge amended soil,EPS,Household,1.4117930671272147e-7,1.8595013597960264e-7,1.3201805874591342e-5,1.7388366997380724e-5
Sludge amended soil (MP),EPS,Household,1.600663472384911e-5,1.4354145224960902e-5,0.0014967950278984303,0.0013422692260504666
Release,EPS,Household,4.5525754205906173e-4,2.8863619057699504e-4,0.04257154843122462,0.026990633720371422
Incineration,PVC,Household,0,0,0,0
Landfill,PVC,Household,1.4416598798163196e-5,1.3192935401256356e-5,0.0013481093167039008,0.0012336834351922483
Sludge amended soil,PVC,Household,6.003142164661395e-7,7.929931853535798e-7,5.613593049914905e-5,7.415351680550824e-5
Sludge amended soil (MP),PVC,Household,6.808367804430568e-5,6.117722148691606e-5,0.006366566897782536,0.005720737839155064
Release,PVC,Household,0.0019150466183660492,0.0012186256637251053,0.17907775781833515,0.113954798482122
Incineration,PET,Household,0,0,0,0
Landfill,PET,Household,6.88094696334558e-7,6.328943884502767e-7,6.434436331968585e-5,5.9182532128739154e-5
Sludge amended soil,PET,Household,2.929230569698599e-8,3.8681586015894205e-8,2.7391502510895183e-6,3.617150426600919e-6
Sludge amended soil (MP),PET,Household,3.2616750015625234e-6,2.935169267323135e-6,3.050022074712156e-4,2.7447035814615506e-4
Release,PET,Household,9.496583864134692e-5,6.102355327266591e-5,0.00888034227999121,0.00570636818413364
Incineration,LDPE,TamponApplicators,0,0,0,0
Landfill,LDPE,TamponApplicators,0,0,0,0
Sludge amended soil,LDPE,TamponApplicators,0,0,0,0
Sludge amended soil (MP),LDPE,TamponApplicators,0,0,0,0
Release,LDPE,TamponApplicators,0,0,0,0
Incineration,HDPE,TamponApplicators,0,0,0,0
Landfill,HDPE,TamponApplicators,0.002987246789293389,0.004525929868886759,0.27934017477501877,0.42322383444367495
Sludge amended soil,HDPE,TamponApplicators,0.01426658537712616,0.021813490789655346,1.3340814247328474,2.039799440566787
Sludge amended soil (MP),HDPE,TamponApplicators,0,0,0,0
Release,HDPE,TamponApplicators,0.016062311531419755,0.023655274959766975,1.502001417010117,2.212026359956511
Incineration,PP,TamponApplicators,0,0,0,0
Landfill,PP,TamponApplicators,0,0,0,0
Sludge amended soil,PP,TamponApplicators,0,0,0,0
Sludge amended soil (MP),PP,TamponApplicators,0,0,0,0
Release,PP,TamponApplicators,0,0,0,0
Incineration,PS,TamponApplicators,0,0,0,0
Landfill,PS,TamponApplicators,0,0,0,0
Sludge amended soil,PS,TamponApplicators,0,0,0,0
Sludge amended soil (MP),PS,TamponApplicators,0,0,0,0
Release,PS,TamponApplicators,0,0,0,0
Incineration,EPS,TamponApplicators,0,0,0,0
Landfill,EPS,TamponApplicators,0,0,0,0
Sludge amended soil,EPS,TamponApplicators,0,0,0,0
Sludge amended soil (MP),EPS,TamponApplicators,0,0,0,0
Release,EPS,TamponApplicators,0,0,0,0
Incineration,PVC,TamponApplicators,0,0,0,0
Landfill,PVC,TamponApplicators,0,0,0,0
Sludge amended soil,PVC,TamponApplicators,0,0,0,0
Sludge amended soil (MP),PVC,TamponApplicators,0,0,0,0
Release,PVC,TamponApplicators,0,0,0,0
Incineration,PET,TamponApplicators,0,0,0,0
Landfill,PET,TamponApplicators,0,0,0,0
Sludge amended soil,PET,TamponApplicators,0,0,0,0
Sludge amended soil (MP),PET,TamponApplicators,0,0,0,0
Release,PET,TamponApplicators,0,0,0,0
Incineration,LDPE,Furniture,0,0,0,0
Landfill,LDPE,Furniture,6.343555100562794e-8,8.403141270397627e-8,5.931916294419479e-6,7.85785412690088e-6
Sludge amended soil,LDPE,Furniture,3.0073167808968466e-7,3.878722430465672e-7,2.812169380147808e-5,3.62702875943623e-5
Sludge amended soil (MP),LDPE,Furniture,0,0,0,0
Release,LDPE,Furniture,3.703002871822887e-4,2.769719466839092e-4,0.03462711795740453,0.025899899623881267
Incineration,HDPE,Furniture,0,0,0,0
Landfill,HDPE,Furniture,4.804977530026226e-8,6.419793655227559e-8,4.493178360215283e-6,6.003207662983265e-6
Sludge amended soil,HDPE,Furniture,2.2833584390828542e-7,2.991659776868164e-7,2.1351893246098134e-5,2.7975283727241797e-5
Sludge amended soil (MP),HDPE,Furniture,0,0,0,0
Release,HDPE,Furniture,2.754171211858145e-4,2.0297813302672075e-4,0.0257545064719197,0.018980670548683767
Incineration,PP,Furniture,0,0,0,0
Landfill,PP,Furniture,1.6938859492139227e-7,2.254408718716715e-7,1.583968217149848e-5,2.108118176769771e-5
Sludge amended soil,PP,Furniture,8.069149851181837e-7,1.0611189875176771e-6,7.545535701280733e-5,9.922620537836219e-5
Sludge amended soil (MP),PP,Furniture,0,0,0,0
Release,PP,Furniture,9.737637131134721e-4,7.39912289894844e-4,0.09105753390901819,0.0691898738056056
Incineration,PS,Furniture,0,0,0,0
Landfill,PS,Furniture,6.180001505845368e-8,8.397253863528838e-8,5.778975834671741e-6,7.852348758982858e-6
Sludge amended soil,PS,Furniture,2.941796752174592e-7,3.93628227511707e-7,2.7509010030584538e-5,3.680853495720398e-5
Sludge amended soil (MP),PS,Furniture,0,0,0,0
Release,PS,Furniture,3.573398310512715e-4,2.7236017942510577e-4,0.03341517387103775,0.025468649056732583
Incineration,EPS,Furniture,0,0,0,0
Landfill,EPS,Furniture,3.107271052834894e-10,4.1412277692321283e-10,2.9056375324703965e-8,3.872499898523947e-8
Sludge amended soil,EPS,Furniture,1.4748485472047194e-9,1.931919096314694e-9,1.3791443426082e-7,1.806555186367431e-7
Sludge amended soil (MP),EPS,Furniture,0,0,0,0
Release,EPS,Furniture,1.7892682756340162e-6,1.3398506651280194e-6,1.673161101474411e-4,1.2529065904789803e-4
Incineration,PVC,Furniture,0,0,0,0
Landfill,PVC,Furniture,1.068210322112521e-7,1.4365455994018252e-7,9.988932255107505e-6,1.3433269063923268e-5
Sludge amended soil,PVC,Furniture,5.102385450963885e-7,6.73254330296838e-7,4.7712872225696115e-5,6.295662714148997e-5
Sludge amended soil (MP),PVC,Furniture,0,0,0,0
Release,PVC,Furniture,6.00751779699451e-4,4.5665678877646325e-4,0.056176847436613483,0.04270239326935222
Incineration,PET,Furniture,0,0,0,0
Landfill,PET,Furniture,6.803107468893095e-9,9.090358448675517e-9,6.361647909991908e-7,8.500477184950763e-7
Sludge amended soil,PET,Furniture,3.226836992167927e-8,4.160780604641495e-8,3.0174447340385306e-6,3.890783933442575e-6
Sludge amended soil (MP),PET,Furniture,0,0,0,0
Release,PET,Furniture,3.907185054778316e-5,2.9602899964625896e-5,0.0036536444193092142,0.002768194204644883
Incineration,LDPE,FabricCoatings,0,0,0,0
Landfill,LDPE,FabricCoatings,0,0,0,0
Sludge amended soil,LDPE,FabricCoatings,0,0,0,0
Sludge amended soil (MP),LDPE,FabricCoatings,0,0,0,0
Release,LDPE,FabricCoatings,0,0,0,0
Incineration,HDPE,FabricCoatings,0,0,0,0
Landfill,HDPE,FabricCoatings,0,0,0,0
Sludge amended soil,HDPE,FabricCoatings,0,0,0,0
Sludge amended soil (MP),HDPE,FabricCoatings,0,0,0,0
Release,HDPE,FabricCoatings,0,0,0,0
Incineration,PP,FabricCoatings,0,0,0,0
Landfill,PP,FabricCoatings,0,0,0,0
Sludge amended soil,PP,FabricCoatings,0,0,0,0
Sludge amended soil (MP),PP,FabricCoatings,0,0,0,0
Release,PP,FabricCoatings,0,0,0,0
Incineration,PS,FabricCoatings,0,0,0,0
Landfill,PS,FabricCoatings,0,0,0,0
Sludge amended soil,PS,FabricCoatings,0,0,0,0
Sludge amended soil (MP),PS,FabricCoatings,0,0,0,0
Release,PS,FabricCoatings,0,0,0,0
Incineration,EPS,FabricCoatings,0,0,0,0
Landfill,EPS,FabricCoatings,0,0,0,0
Sludge amended soil,EPS,FabricCoatings,0,0,0,0
Sludge amended soil (MP),EPS,FabricCoatings,0,0,0,0
Release,EPS,FabricCoatings,0,0,0,0
Incineration,PVC,FabricCoatings,0,0,0,0
Landfill,PVC,FabricCoatings,7.203094377313886e-4,4.667219854364458e-4,0.06735679320140021,0.04364359899906347
Sludge amended soil,PVC,FabricCoatings,7.584284538551303e-7,1.0209665562842978e-6,7.092133720373104e-5,9.547151487251776e-5
Sludge amended soil (MP),PVC,FabricCoatings,0.0034126176690045798,0.0021002437088363723,0.31911699412205174,0.19639570684257432
Release,PVC,FabricCoatings,0.02380604030726058,0.012328075778347844,2.2261245652570656,1.1528096221932669
Incineration,PET,FabricCoatings,0,0,0,0
Landfill,PET,FabricCoatings,0,0,0,0
Sludge amended soil,PET,FabricCoatings,0,0,0,0
Sludge amended soil (MP),PET,FabricCoatings,0,0,0,0
Release,PET,FabricCoatings,0,0,0,0
Incineration,LDPE,Cosmetics,0,0,0,0
Landfill,LDPE,Cosmetics,0,0,0,0
Sludge amended soil,LDPE,Cosmetics,0,0,0,0
Sludge amended soil (MP),LDPE,Cosmetics,0,0,0,0
Release,LDPE,Cosmetics,0,0,0,0
Incineration,HDPE,Cosmetics,0,0,0,0
Landfill,HDPE,Cosmetics,2.2819387126963466e-4,1.6026947426915465e-4,0.021338617255029665,0.014986944873086957
Sludge amended soil,HDPE,Cosmetics,0,0,0,0
Sludge amended soil (MP),HDPE,Cosmetics,0.0010800174357993538,7.329900443907363e-4,0.10099341653242588,0.0685425683081544
Release,HDPE,Cosmetics,0.0018210847748815616,0.0011930883410759558,0.17029130004216048,0.11156678012432611
Incineration,PP,Cosmetics,0,0,0,0
Landfill,PP,Cosmetics,5.400608093094712e-7,3.8103826616552685e-7,5.05015793815049e-5,3.5631236176447877e-5
Sludge amended soil,PP,Cosmetics,0,0,0,0
Sludge amended soil (MP),PP,Cosmetics,2.558143435102526e-6,1.7388426502595731e-6,2.3921432833145262e-4,1.6260076387751725e-4
Release,PP,Cosmetics,4.33192830475523e-6,2.8830183430275395e-6,4.0508257104844434e-4,2.695936775988286e-4
Incineration,PS,Cosmetics,0,0,0,0
Landfill,PS,Cosmetics,0,0,0,0
Sludge amended soil,PS,Cosmetics,0,0,0,0
Sludge amended soil (MP),PS,Cosmetics,0,0,0,0
Release,PS,Cosmetics,0,0,0,0
Incineration,EPS,Cosmetics,0,0,0,0
Landfill,EPS,Cosmetics,0,0,0,0
Sludge amended soil,EPS,Cosmetics,0,0,0,0
Sludge amended soil (MP),EPS,Cosmetics,0,0,0,0
Release,EPS,Cosmetics,0,0,0,0
Incineration,PVC,Cosmetics,0,0,0,0
Landfill,PVC,Cosmetics,0,0,0,0
Sludge amended soil,PVC,Cosmetics,0,0,0,0
Sludge amended soil (MP),PVC,Cosmetics,0,0,0,0
Release,PVC,Cosmetics,0,0,0,0
Incineration,PET,Cosmetics,0,0,0,0
Landfill,PET,Cosmetics,1.1576479231213295e-6,8.220745799743824e-7,1.0825271428248557e-4,7.687294456929129e-5
Sludge amended soil,PET,Cosmetics,0,0,0,0
Sludge amended soil (MP),PET,Cosmetics,5.540851868453077e-6,3.80321783281301e-6,5.181301172985068e-4,3.5564237207758617e-4
Release,PET,Cosmetics,9.321824264744766e-6,6.17075897164205e-6,8.716922982957698e-4,5.770333056549182e-4
Incineration,LDPE,ShotgunCartridges,0,0,0,0
Landfill,LDPE,ShotgunCartridges,4.6163287332240023e-11,6.34921760229346e-11,4.316771147866098e-9,5.937211351489344e-9
Sludge amended soil,LDPE,ShotgunCartridges,2.1933104843874e-10,2.9576986552503327e-10,2.050984659990486e-8,2.7657710178170388e-8
Sludge amended soil (MP),LDPE,ShotgunCartridges,0,0,0,0
Release,LDPE,ShotgunCartridges,6.3838651278524e-4,3.7646144365900377e-4,0.05969610568989031,0.03520325332499127
Incineration,HDPE,ShotgunCartridges,0,0,0,0
Landfill,HDPE,ShotgunCartridges,0,0,0,0
Sludge amended soil,HDPE,ShotgunCartridges,0,0,0,0
Sludge amended soil (MP),HDPE,ShotgunCartridges,0,0,0,0
Release,HDPE,ShotgunCartridges,0,0,0,0
Incineration,PP,ShotgunCartridges,0,0,0,0
Landfill,PP,ShotgunCartridges,0,0,0,0
Sludge amended soil,PP,ShotgunCartridges,0,0,0,0
Sludge amended soil (MP),PP,ShotgunCartridges,0,0,0,0
Release,PP,ShotgunCartridges,0,0,0,0
Incineration,PS,ShotgunCartridges,0,0,0,0
Landfill,PS,ShotgunCartridges,0,0,0,0
Sludge amended soil,PS,ShotgunCartridges,0,0,0,0
Sludge amended soil (MP),PS,ShotgunCartridges,0,0,0,0
Release,PS,ShotgunCartridges,0,0,0,0
Incineration,EPS,ShotgunCartridges,0,0,0,0
Landfill,EPS,ShotgunCartridges,0,0,0,0
Sludge amended soil,EPS,ShotgunCartridges,0,0,0,0
Sludge amended soil (MP),EPS,ShotgunCartridges,0,0,0,0
Release,EPS,ShotgunCartridges,0,0,0,0
Incineration,PVC,ShotgunCartridges,0,0,0,0
Landfill,PVC,ShotgunCartridges,0,0,0,0
Sludge amended soil,PVC,ShotgunCartridges,0,0,0,0
Sludge amended soil (MP),PVC,ShotgunCartridges,0,0,0,0
Release,PVC,ShotgunCartridges,0,0,0,0
Incineration,PET,ShotgunCartridges,0,0,0,0
Landfill,PET,ShotgunCartridges,0,0,0,0
Sludge amended soil,PET,ShotgunCartridges,0,0,0,0
Sludge amended soil (MP),PET,ShotgunCartridges,0,0,0,0
Release,PET,ShotgunCartridges,0,0,0,0
Incineration,LDPE,OtherOther,0,0,0,0
Landfill,LDPE,OtherOther,6.017008526373592e-7,8.041963403531752e-7,5.6265596113589125e-5,7.520113405857048e-5
Sludge amended soil,LDPE,OtherOther,2.8596370762967804e-6,3.7085212369350444e-6,2.6740727399855003e-4,3.4678720693423113e-4
Sludge amended soil (MP),LDPE,OtherOther,0,0,0,0
Release,LDPE,OtherOther,0.003518418835946833,0.002599738499475967,0.3290105578446664,0.24310392077942158
Incineration,HDPE,OtherOther,0,0,0,0
Landfill,HDPE,OtherOther,5.3107404422686e-7,7.260345762654709e-7,4.966121877325652e-5,6.78921561330648e-5
Sludge amended soil,HDPE,OtherOther,2.518847088736133e-6,3.3612748854985125e-6,2.355396911031691e-4,3.143158835578277e-4
Sludge amended soil (MP),HDPE,OtherOther,0,0,0,0
Release,HDPE,OtherOther,0.003027022038415985,0.0022631708492649107,0.28305959463729735,0.21163117250480956
Incineration,PP,OtherOther,0,0,0,0
Landfill,PP,OtherOther,1.3779405053502996e-6,1.8650411028770179e-6,1.288524747850441e-4,1.7440169640737786e-4
Sludge amended soil,PP,OtherOther,6.568161919452771e-6,8.715296087322095e-6,6.141948181537945e-4,8.149752946339132e-4
Sludge amended soil (MP),PP,OtherOther,0,0,0,0
Release,PP,OtherOther,0.007847748848320514,0.005961486089774003,0.733850160200139,0.5574640073946563
Incineration,PS,OtherOther,0,0,0,0
Landfill,PS,OtherOther,5.405483001386487e-7,7.271329735867867e-7,5.054716509404521e-5,6.799486826947364e-5
Sludge amended soil,PS,OtherOther,2.5666118725470253e-6,3.407490484121881e-6,2.4000621964900167e-4,3.186375463822901e-4
Sludge amended soil (MP),PS,OtherOther,0,0,0,0
Release,PS,OtherOther,0.003113466771612971,0.0022946590668338276,0.2911431205669839,0.21457566448002252
Incineration,EPS,OtherOther,0,0,0,0
Landfill,EPS,OtherOther,3.1229582395034364e-8,4.045167155927628e-8,2.9203067639561404e-6,3.782672741940671e-6
Sludge amended soil,EPS,OtherOther,1.4800289870241158e-7,1.8763956588827026e-7,1.3839886191833672e-5,1.7546347130675636e-5
Sludge amended soil (MP),EPS,OtherOther,0,0,0,0
Release,EPS,OtherOther,1.8274906012161836e-4,1.3724418573426772e-4,0.01708903147115561,0.012833829118930613
Incineration,PVC,OtherOther,0,0,0,0
Landfill,PVC,OtherOther,5.702363261986076e-7,7.631906679325203e-7,5.3323319517589135e-5,7.136665619025134e-5
Sludge amended soil,PVC,OtherOther,2.7253507745139014e-6,3.607710603790563e-6,2.5485003930861223e-4,3.373603125836573e-4
Sludge amended soil (MP),PVC,OtherOther,0,0,0,0
Release,PVC,OtherOther,0.003192779482934882,0.002400667184459379,0.2985597246192336,0.22448858034998884
Incineration,PET,OtherOther,0,0,0,0
Landfill,PET,OtherOther,7.752400341967868e-8,1.0538517373629545e-7,7.249340343130692e-6,9.854663818102521e-6
Sludge amended soil,PET,OtherOther,3.694592136658542e-7,4.896577754607821e-7,3.4548468404939864e-5,4.578834566578154e-5
Sludge amended soil (MP),PET,OtherOther,0,0,0,0
Release,PET,OtherOther,4.441609054428682e-4,3.334867023411673e-4,0.04153389180945096,0.031184646026236666
Incineration,LDPE,FishingGearOcean,0,0,0,0
Landfill,LDPE,FishingGearOcean,0,0,0,0
Sludge amended soil,LDPE,FishingGearOcean,0,0,0,0
Sludge amended soil (MP),LDPE,FishingGearOcean,0,0,0,0
Release,LDPE,FishingGearOcean,0,0,0,0
Incineration,HDPE,FishingGearOcean,0,0,0,0
Landfill,HDPE,FishingGearOcean,0,0,0,0
Sludge amended soil,HDPE,FishingGearOcean,0,0,0,0
Sludge amended soil (MP),HDPE,FishingGearOcean,0,0,0,0
Release,HDPE,FishingGearOcean,0,0,0,0
Incineration,PP,FishingGearOcean,0,0,0,0
Landfill,PP,FishingGearOcean,0,0,0,0
Sludge amended soil,PP,FishingGearOcean,0,0,0,0
Sludge amended soil (MP),PP,FishingGearOcean,0,0,0,0
Release,PP,FishingGearOcean,0,0,0,0
Incineration,PS,FishingGearOcean,0,0,0,0
Landfill,PS,FishingGearOcean,0,0,0,0
Sludge amended soil,PS,FishingGearOcean,0,0,0,0
Sludge amended soil (MP),PS,FishingGearOcean,0,0,0,0
Release,PS,FishingGearOcean,0,0,0,0
Incineration,EPS,FishingGearOcean,0,0,0,0
Landfill,EPS,FishingGearOcean,0,0,0,0
Sludge amended soil,EPS,FishingGearOcean,0,0,0,0
Sludge amended soil (MP),EPS,FishingGearOcean,0,0,0,0
Release,EPS,FishingGearOcean,0,0,0,0
Incineration,PVC,FishingGearOcean,0,0,0,0
Landfill,PVC,FishingGearOcean,0,0,0,0
Sludge amended soil,PVC,FishingGearOcean,0,0,0,0
Sludge amended soil (MP),PVC,FishingGearOcean,0,0,0,0
Release,PVC,FishingGearOcean,0,0,0,0
Incineration,PET,FishingGearOcean,0,0,0,0
Landfill,PET,FishingGearOcean,0,0,0,0
Sludge amended soil,PET,FishingGearOcean,0,0,0,0
Sludge amended soil (MP),PET,FishingGearOcean,0,0,0,0
Release,PET,FishingGearOcean,0,0,0,0
Incineration,LDPE,FishingGearInland,0,0,0,0
Landfill,LDPE,FishingGearInland,0,0,0,0
Sludge amended soil,LDPE,FishingGearInland,0,0,0,0
Sludge amended soil (MP),LDPE,FishingGearInland,0,0,0,0
Release,LDPE,FishingGearInland,3.5449921901726785e-5,9.744683548315e-6,0.0033149545646114853,9.11234255994447e-4
Incineration,HDPE,FishingGearInland,0,0,0,0
Landfill,HDPE,FishingGearInland,0,0,0,0
Sludge amended soil,HDPE,FishingGearInland,0,0,0,0
Sludge amended soil (MP),HDPE,FishingGearInland,0,0,0,0
Release,HDPE,FishingGearInland,3.5419318330897396e-5,9.712627282771053e-6,0.003312092796760613,9.082366453344323e-4
Incineration,PP,FishingGearInland,0,0,0,0
Landfill,PP,FishingGearInland,0,0,0,0
Sludge amended soil,PP,FishingGearInland,0,0,0,0
Sludge amended soil (MP),PP,FishingGearInland,0,0,0,0
Release,PP,FishingGearInland,1.5490132347980203e-5,4.235829925217292e-6,0.001448496419138,3.960963238351455e-4
Incineration,PS,FishingGearInland,0,0,0,0
Landfill,PS,FishingGearInland,0,0,0,0
Sludge amended soil,PS,FishingGearInland,0,0,0,0
Sludge amended soil (MP),PS,FishingGearInland,0,0,0,0
Release,PS,FishingGearInland,0,0,0,0
Incineration,EPS,FishingGearInland,0,0,0,0
Landfill,EPS,FishingGearInland,0,0,0,0
Sludge amended soil,EPS,FishingGearInland,0,0,0,0
Sludge amended soil (MP),EPS,FishingGearInland,0,0,0,0
Release,EPS,FishingGearInland,0,0,0,0
Incineration,PVC,FishingGearInland,0,0,0,0
Landfill,PVC,FishingGearInland,0,0,0,0
Sludge amended soil,PVC,FishingGearInland,0,0,0,0
Sludge amended soil (MP),PVC,FishingGearInland,0,0,0,0
Release,PVC,FishingGearInland,0,0,0,0
Incineration,PET,FishingGearInland,0,0,0,0
Landfill,PET,FishingGearInland,0,0,0,0
Sludge amended soil,PET,FishingGearInland,0,0,0,0
Sludge amended soil (MP),PET,FishingGearInland,0,0,0,0
Release,PET,FishingGearInland,0,0,0,0
Incineration,LDPE,FishingGearAqua,0,0,0,0
Landfill,LDPE,FishingGearAqua,0,0,0,0
Sludge amended soil,LDPE,FishingGearAqua,0,0,0,0
Sludge amended soil (MP),LDPE,FishingGearAqua,0,0,0,0
Release,LDPE,FishingGearAqua,0,0,0,0
Incineration,HDPE,FishingGearAqua,0,0,0,0
Landfill,HDPE,FishingGearAqua,0,0,0,0
Sludge amended soil,HDPE,FishingGearAqua,0,0,0,0
Sludge amended soil (MP),HDPE,FishingGearAqua,0,0,0,0
Release,HDPE,FishingGearAqua,0,0,0,0
Incineration,PP,FishingGearAqua,0,0,0,0
Landfill,PP,FishingGearAqua,0,0,0,0
Sludge amended soil,PP,FishingGearAqua,0,0,0,0
Sludge amended soil (MP),PP,FishingGearAqua,0,0,0,0
Release,PP,FishingGearAqua,0,0,0,0
Incineration,PS,FishingGearAqua,0,0,0,0
Landfill,PS,FishingGearAqua,0,0,0,0
Sludge amended soil,PS,FishingGearAqua,0,0,0,0
Sludge amended soil (MP),PS,FishingGearAqua,0,0,0,0
Release,PS,FishingGearAqua,0,0,0,0
Incineration,EPS,FishingGearAqua,0,0,0,0
Landfill,EPS,FishingGearAqua,0,0,0,0
Sludge amended soil,EPS,FishingGearAqua,0,0,0,0
Sludge amended soil (MP),EPS,FishingGearAqua,0,0,0,0
Release,EPS,FishingGearAqua,0,0,0,0
Incineration,PVC,FishingGearAqua,0,0,0,0
Landfill,PVC,FishingGearAqua,0,0,0,0
Sludge amended soil,PVC,FishingGearAqua,0,0,0,0
Sludge amended soil (MP),PVC,FishingGearAqua,0,0,0,0
Release,PVC,FishingGearAqua,0,0,0,0
Incineration,PET,FishingGearAqua,0,0,0,0
Landfill,PET,FishingGearAqua,0,0,0,0
Sludge amended soil,PET,FishingGearAqua,0,0,0,0
Sludge amended soil (MP),PET,FishingGearAqua,0,0,0,0
Release,PET,FishingGearAqua,0,0,0,0
Incineration,LDPE,ApparelPC,0,0,0,0
Landfill,LDPE,ApparelPC,0,0,0,0
Sludge amended soil,LDPE,ApparelPC,0,0,0,0
Sludge amended soil (MP),LDPE,ApparelPC,0,0,0,0
Release,LDPE,ApparelPC,0,0,0,0
Incineration,HDPE,ApparelPC,0,0,0,0
Landfill,HDPE,ApparelPC,6.505795659402184e-7,3.2578029765537805e-7,6.083628922328979e-5,3.046401308772923e-5
Sludge amended soil,HDPE,ApparelPC,3.006954845072795e-10,3.8709597101280534e-10,2.8118309306540787e-8,3.61976976877094e-8
Sludge amended soil (MP),HDPE,ApparelPC,3.0847037436395603e-6,1.4582625325708751e-6,2.8845346355908336e-4,1.3636346088853463e-4
Release,HDPE,ApparelPC,8.47145716177867e-6,4.344928471260968e-6,7.921736940690114e-4,4.0629822848820885e-4
Incineration,PP,ApparelPC,0,0,0,0
Landfill,PP,ApparelPC,4.4139360446098435e-4,2.2301325907469335e-4,0.04127511896794851,0.020854173478518378
Sludge amended soil,PP,ApparelPC,2.0827656025869328e-7,2.751699917280298e-7,1.9476131316878962e-5,2.5731397170680497e-5
Sludge amended soil (MP),PP,ApparelPC,0.002083328509129251,9.839119656279002e-4,0.1948139510735241,0.09200650626751286
Release,PP,ApparelPC,0.005733971411925084,0.002956015684387381,0.5361889021365359,0.2764197256396713
Incineration,PS,ApparelPC,0,0,0,0
Landfill,PS,ApparelPC,0,0,0,0
Sludge amended soil,PS,ApparelPC,0,0,0,0
Sludge amended soil (MP),PS,ApparelPC,0,0,0,0
Release,PS,ApparelPC,0,0,0,0
Incineration,EPS,ApparelPC,0,0,0,0
Landfill,EPS,ApparelPC,0,0,0,0
Sludge amended soil,EPS,ApparelPC,0,0,0,0
Sludge amended soil (MP),EPS,ApparelPC,0,0,0,0
Release,EPS,ApparelPC,0,0,0,0
Incineration,PVC,ApparelPC,0,0,0,0
Landfill,PVC,ApparelPC,0,0,0,0
Sludge amended soil,PVC,ApparelPC,0,0,0,0
Sludge amended soil (MP),PVC,ApparelPC,0,0,0,0
Release,PVC,ApparelPC,0,0,0,0
Incineration,PET,ApparelPC,0,0,0,0
Landfill,PET,ApparelPC,0.0055048632772372675,0.0027582801595501137,0.514764791274503,0.2579292961695512
Sludge amended soil,PET,ApparelPC,2.6162589127792587e-6,3.3953965314397456e-6,2.446487597113897e-4,3.1750662982458995e-4
Sludge amended soil (MP),PET,ApparelPC,0.026352224943609993,0.012545523561507108,2.4642206153981236,1.173143362937371
Release,PET,ApparelPC,0.071937809673531,0.0363548300098589,6.726970265449522,3.399573348030029
Incineration,LDPE,HouseholdTextilesPC,0,0,0,0
Landfill,LDPE,HouseholdTextilesPC,0,0,0,0
Sludge amended soil,LDPE,HouseholdTextilesPC,0,0,0,0
Sludge amended soil (MP),LDPE,HouseholdTextilesPC,0,0,0,0
Release,LDPE,HouseholdTextilesPC,0,0,0,0
Incineration,HDPE,HouseholdTextilesPC,0,0,0,0
Landfill,HDPE,HouseholdTextilesPC,6.424636199984663e-8,3.568109698615735e-8,6.007735970800528e-6,3.336571957831193e-6
Sludge amended soil,HDPE,HouseholdTextilesPC,3.1592454225156204e-10,4.136006010632958e-10,2.9542392401112634e-8,3.867616984380552e-8
Sludge amended soil (MP),HDPE,HouseholdTextilesPC,3.031829622860272e-7,1.5824654296384044e-7,2.8350915624825164e-5,1.4797778719687895e-5
Release,HDPE,HouseholdTextilesPC,1.8831714451650845e-6,1.3994026005735245e-6,1.7609708126865923e-4,1.3085941490535195e-4
Incineration,PP,HouseholdTextilesPC,0,0,0,0
Landfill,PP,HouseholdTextilesPC,8.498896385976748e-5,4.701947088378646e-5,0.007947395609771804,0.004396833653510317
Sludge amended soil,PP,HouseholdTextilesPC,4.0632800374278026e-7,5.239531035366473e-7,3.799610262811301e-5,4.899533310753383e-5
Sludge amended soil (MP),PP,HouseholdTextilesPC,4.02051172864766e-4,2.1113762421799155e-4,0.03759617226774587,0.019743672020009796
Release,PP,HouseholdTextilesPC,0.0024898512389801763,0.0018043953558921385,0.23282826271780457,0.16873065723417147
Incineration,PS,HouseholdTextilesPC,0,0,0,0
Landfill,PS,HouseholdTextilesPC,0,0,0,0
Sludge amended soil,PS,HouseholdTextilesPC,0,0,0,0
Sludge amended soil (MP),PS,HouseholdTextilesPC,0,0,0,0
Release,PS,HouseholdTextilesPC,0,0,0,0
Incineration,EPS,HouseholdTextilesPC,0,0,0,0
Landfill,EPS,HouseholdTextilesPC,0,0,0,0
Sludge amended soil,EPS,HouseholdTextilesPC,0,0,0,0
Sludge amended soil (MP),EPS,HouseholdTextilesPC,0,0,0,0
Release,EPS,HouseholdTextilesPC,0,0,0,0
Incineration,PVC,HouseholdTextilesPC,0,0,0,0
Landfill,PVC,HouseholdTextilesPC,0,0,0,0
Sludge amended soil,PVC,HouseholdTextilesPC,0,0,0,0
Sludge amended soil (MP),PVC,HouseholdTextilesPC,0,0,0,0
Release,PVC,HouseholdTextilesPC,0,0,0,0
Incineration,PET,HouseholdTextilesPC,0,0,0,0
Landfill,PET,HouseholdTextilesPC,2.156995551155561e-4,1.2100705684739887e-4,0.020170262343515905,0.011315480371395318
Sludge amended soil,PET,HouseholdTextilesPC,1.0426634391403403e-6,1.3562622560832544e-6,9.750041019874345e-5,1.2682532190273895e-4
Sludge amended soil (MP),PET,HouseholdTextilesPC,0.0010305955782476206,5.486378241604033e-4,0.0963719335080947,0.051303623871466184
Release,PET,HouseholdTextilesPC,0.006352318008143453,0.004610501417105475,0.5940110569307954,0.4311321971357303
Incineration,LDPE,HygieneMedicalTextiles,0,0,0,0
Landfill,LDPE,HygieneMedicalTextiles,0,0,0,0
Sludge amended soil,LDPE,HygieneMedicalTextiles,0,0,0,0
Sludge amended soil (MP),LDPE,HygieneMedicalTextiles,0,0,0,0
Release,LDPE,HygieneMedicalTextiles,0,0,0,0
Incineration,HDPE,HygieneMedicalTextiles,0,0,0,0
Landfill,HDPE,HygieneMedicalTextiles,0,0,0,0
Sludge amended soil,HDPE,HygieneMedicalTextiles,0,0,0,0
Sludge amended soil (MP),HDPE,HygieneMedicalTextiles,0,0,0,0
Release,HDPE,HygieneMedicalTextiles,0,0,0,0
Incineration,PP,HygieneMedicalTextiles,0,0,0,0
Landfill,PP,HygieneMedicalTextiles,0,0,0,0
Sludge amended soil,PP,HygieneMedicalTextiles,0,0,0,0
Sludge amended soil (MP),PP,HygieneMedicalTextiles,0,0,0,0
Release,PP,HygieneMedicalTextiles,0,0,0,0
Incineration,PS,HygieneMedicalTextiles,0,0,0,0
Landfill,PS,HygieneMedicalTextiles,0,0,0,0
Sludge amended soil,PS,HygieneMedicalTextiles,0,0,0,0
Sludge amended soil (MP),PS,HygieneMedicalTextiles,0,0,0,0
Release,PS,HygieneMedicalTextiles,0,0,0,0
Incineration,EPS,HygieneMedicalTextiles,0,0,0,0
Landfill,EPS,HygieneMedicalTextiles,0,0,0,0
Sludge amended soil,EPS,HygieneMedicalTextiles,0,0,0,0
Sludge amended soil (MP),EPS,HygieneMedicalTextiles,0,0,0,0
Release,EPS,HygieneMedicalTextiles,0,0,0,0
Incineration,PVC,HygieneMedicalTextiles,0,0,0,0
Landfill,PVC,HygieneMedicalTextiles,0,0,0,0
Sludge amended soil,PVC,HygieneMedicalTextiles,0,0,0,0
Sludge amended soil (MP),PVC,HygieneMedicalTextiles,0,0,0,0
Release,PVC,HygieneMedicalTextiles,0,0,0,0
Incineration,PET,HygieneMedicalTextiles,0,0,0,0
Landfill,PET,HygieneMedicalTextiles,0,0,0,0
Sludge amended soil,PET,HygieneMedicalTextiles,0,0,0,0
Sludge amended soil (MP),PET,HygieneMedicalTextiles,0,0,0,0
Release,PET,HygieneMedicalTextiles,0,0,0,0
Incineration,LDPE,DisposableCleaningCloths,0,0,0,0
Landfill,LDPE,DisposableCleaningCloths,0,0,0,0
Sludge amended soil,LDPE,DisposableCleaningCloths,0,0,0,0
Sludge amended soil (MP),LDPE,DisposableCleaningCloths,0,0,0,0
Release,LDPE,DisposableCleaningCloths,0,0,0,0
Incineration,HDPE,DisposableCleaningCloths,0,0,0,0
Landfill,HDPE,DisposableCleaningCloths,0,0,0,0
Sludge amended soil,HDPE,DisposableCleaningCloths,0,0,0,0
Sludge amended soil (MP),HDPE,DisposableCleaningCloths,0,0,0,0
Release,HDPE,DisposableCleaningCloths,0,0,0,0
Incineration,PP,DisposableCleaningCloths,0,0,0,0
Landfill,PP,DisposableCleaningCloths,0,0,0,0
Sludge amended soil,PP,DisposableCleaningCloths,0,0,0,0
Sludge amended soil (MP),PP,DisposableCleaningCloths,0,0,0,0
Release,PP,DisposableCleaningCloths,0,0,0,0
Incineration,PS,DisposableCleaningCloths,0,0,0,0
Landfill,PS,DisposableCleaningCloths,0,0,0,0
Sludge amended soil,PS,DisposableCleaningCloths,0,0,0,0
Sludge amended soil (MP),PS,DisposableCleaningCloths,0,0,0,0
Release,PS,DisposableCleaningCloths,0,0,0,0
Incineration,EPS,DisposableCleaningCloths,0,0,0,0
Landfill,EPS,DisposableCleaningCloths,0,0,0,0
Sludge amended soil,EPS,DisposableCleaningCloths,0,0,0,0
Sludge amended soil (MP),EPS,DisposableCleaningCloths,0,0,0,0
Release,EPS,DisposableCleaningCloths,0,0,0,0
Incineration,PVC,DisposableCleaningCloths,0,0,0,0
Landfill,PVC,DisposableCleaningCloths,0,0,0,0
Sludge amended soil,PVC,DisposableCleaningCloths,0,0,0,0
Sludge amended soil (MP),PVC,DisposableCleaningCloths,0,0,0,0
Release,PVC,DisposableCleaningCloths,0,0,0,0
Incineration,PET,DisposableCleaningCloths,0,0,0,0
Landfill,PET,DisposableCleaningCloths,9.599721692549568e-5,1.2357568291482997e-4,0.00897678740504277,0.011555674940246992
Sludge amended soil,PET,DisposableCleaningCloths,4.5697169365165464e-4,5.747471428479574e-4,0.04273184031175553,0.05374513010107477
Sludge amended soil (MP),PET,DisposableCleaningCloths,0,0,0,0
Release,PET,DisposableCleaningCloths,5.990436749583773e-4,6.879002431673769e-4,0.05601712100268922,0.06432617982647712
Incineration,LDPE,WetWipes,0,0,0,0
Landfill,LDPE,WetWipes,0,0,0,0
Sludge amended soil,LDPE,WetWipes,0,0,0,0
Sludge amended soil (MP),LDPE,WetWipes,0,0,0,0
Release,LDPE,WetWipes,0,0,0,0
Incineration,HDPE,WetWipes,0,0,0,0
Landfill,HDPE,WetWipes,0.0017349823922296022,0.002026488114098502,0.16223978762452285,0.18949875383602824
Sludge amended soil,HDPE,WetWipes,0.008261806634110464,0.009522101253476837,0.7725690818051668,0.8904203823751787
Sludge amended soil (MP),HDPE,WetWipes,0,0,0,0
Release,HDPE,WetWipes,0.00935030442210262,0.010602650347641136,0.8743555038141344,0.9914635147667418
Incineration,PP,WetWipes,0,0,0,0
Landfill,PP,WetWipes,0.0037988780237523203,0.004550549331214682,0.35523655256985476,0.4255260228447798
Sludge amended soil,PP,WetWipes,0.018068648154823917,0.021139805669041008,1.689615786551982,1.976802529829374
Sludge amended soil (MP),PP,WetWipes,0,0,0,0
Release,PP,WetWipes,0.02039567472732453,0.023489858939995042,1.907218166040084,2.196558156914402
Incineration,PS,WetWipes,0,0,0,0
Landfill,PS,WetWipes,0,0,0,0
Sludge amended soil,PS,WetWipes,0,0,0,0
Sludge amended soil (MP),PS,WetWipes,0,0,0,0
Release,PS,WetWipes,0,0,0,0
Incineration,EPS,WetWipes,0,0,0,0
Landfill,EPS,WetWipes,0,0,0,0
Sludge amended soil,EPS,WetWipes,0,0,0,0
Sludge amended soil (MP),EPS,WetWipes,0,0,0,0
Release,EPS,WetWipes,0,0,0,0
Incineration,PVC,WetWipes,0,0,0,0
Landfill,PVC,WetWipes,0,0,0,0
Sludge amended soil,PVC,WetWipes,0,0,0,0
Sludge amended soil (MP),PVC,WetWipes,0,0,0,0
Release,PVC,WetWipes,0,0,0,0
Incineration,PET,WetWipes,0,0,0,0
Landfill,PET,WetWipes,0.005466256481853702,0.0064830229474623895,0.5111546345882189,0.606233395146764
Sludge amended soil,PET,WetWipes,0.026093086337029635,0.030766601337204567,2.4399883276900716,2.877012982513232
Sludge amended soil (MP),PET,WetWipes,0,0,0,0
Release,PET,WetWipes,0.029549707226845776,0.03399368780420889,2.7632201031673898,3.1787807845368192
Incineration,LDPE,Tampons,0,0,0,0
Landfill,LDPE,Tampons,0,0,0,0
Sludge amended soil,LDPE,Tampons,0,0,0,0
Sludge amended soil (MP),LDPE,Tampons,0,0,0,0
Release,LDPE,Tampons,0,0,0,0
Incineration,HDPE,Tampons,0,0,0,0
Landfill,HDPE,Tampons,8.339542174536845e-4,0.0010389399005046945,0.07798382031669383,0.09715221870114411
Sludge amended soil,HDPE,Tampons,0.003956982226711825,0.0047822641574147,0.37002102094577355,0.4471938878101605
Sludge amended soil (MP),HDPE,Tampons,0,0,0,0
Release,HDPE,Tampons,0.004473795146334186,0.005363766977593564,0.4183486689361316,0.5015707474667253
Incineration,PP,Tampons,0,0,0,0
Landfill,PP,Tampons,8.005769030547165e-4,0.0010862162957513933,0.07486267717206135,0.10157307758641537
Sludge amended soil,PP,Tampons,0.0037707025595613893,0.004972267790093287,0.3526018391877296,0.4649613009849118
Sludge amended soil (MP),PP,Tampons,0,0,0,0
Release,PP,Tampons,0.004295978938488587,0.005748887252998337,0.4017209129852515,0.537583696054217
Incineration,PS,Tampons,0,0,0,0
Landfill,PS,Tampons,0,0,0,0
Sludge amended soil,PS,Tampons,0,0,0,0
Sludge amended soil (MP),PS,Tampons,0,0,0,0
Release,PS,Tampons,0,0,0,0
Incineration,EPS,Tampons,0,0,0,0
Landfill,EPS,Tampons,0,0,0,0
Sludge amended soil,EPS,Tampons,0,0,0,0
Sludge amended soil (MP),EPS,Tampons,0,0,0,0
Release,EPS,Tampons,0,0,0,0
Incineration,PVC,Tampons,0,0,0,0
Landfill,PVC,Tampons,0,0,0,0
Sludge amended soil,PVC,Tampons,0,0,0,0
Sludge amended soil (MP),PVC,Tampons,0,0,0,0
Release,PVC,Tampons,0,0,0,0
Incineration,PET,Tampons,0,0,0,0
Landfill,PET,Tampons,0.0010576612021817263,0.0012628126444178334,0.09890286471446362,0.11808676339165891
Sludge amended soil,PET,Tampons,0.005046039626531587,0.005885435874692318,0.4718597727676945,0.5503524823446551
Sludge amended soil (MP),PET,Tampons,0,0,0,0
Release,PET,Tampons,0.005682792344958058,0.006454056931891259,0.531403100855359,0.6035247565832627
Incineration,LDPE,PantyLiners,0,0,0,0
Landfill,LDPE,PantyLiners,0,0,0,0
Sludge amended soil,LDPE,PantyLiners,0,0,0,0
Sludge amended soil (MP),LDPE,PantyLiners,0,0,0,0
Release,LDPE,PantyLiners,0,0,0,0
Incineration,HDPE,PantyLiners,0,0,0,0
Landfill,HDPE,PantyLiners,0,0,0,0
Sludge amended soil,HDPE,PantyLiners,0,0,0,0
Sludge amended soil (MP),HDPE,PantyLiners,0,0,0,0
Release,HDPE,PantyLiners,0,0,0,0
Incineration,PP,PantyLiners,0,0,0,0
Landfill,PP,PantyLiners,0.0015699208456132713,0.0021261900460237586,0.14680473169084574,0.19882197252329178
Sludge amended soil,PP,PantyLiners,0.007439707148585643,0.0097258386174335,0.695693808295114,0.909472049301338
Sludge amended soil (MP),PP,PantyLiners,0,0,0,0
Release,PP,PantyLiners,0.008461563187905967,0.011081748396119686,0.7912484995384739,1.0362644107208472
Incineration,PS,PantyLiners,0,0,0,0
Landfill,PS,PantyLiners,0,0,0,0
Sludge amended soil,PS,PantyLiners,0,0,0,0
Sludge amended soil (MP),PS,PantyLiners,0,0,0,0
Release,PS,PantyLiners,0,0,0,0
Incineration,EPS,PantyLiners,0,0,0,0
Landfill,EPS,PantyLiners,0,0,0,0
Sludge amended soil,EPS,PantyLiners,0,0,0,0
Sludge amended soil (MP),EPS,PantyLiners,0,0,0,0
Release,EPS,PantyLiners,0,0,0,0
Incineration,PVC,PantyLiners,0,0,0,0
Landfill,PVC,PantyLiners,0,0,0,0
Sludge amended soil,PVC,PantyLiners,0,0,0,0
Sludge amended soil (MP),PVC,PantyLiners,0,0,0,0
Release,PVC,PantyLiners,0,0,0,0
Incineration,PET,PantyLiners,0,0,0,0
Landfill,PET,PantyLiners,0,0,0,0
Sludge amended soil,PET,PantyLiners,0,0,0,0
Sludge amended soil (MP),PET,PantyLiners,0,0,0,0
Release,PET,PantyLiners,0,0,0,0
Incineration,LDPE,SanitaryNapkins,0,0,0,0
Landfill,LDPE,SanitaryNapkins,0,0,0,0
Sludge amended soil,LDPE,SanitaryNapkins,0,0,0,0
Sludge amended soil (MP),LDPE,SanitaryNapkins,0,0,0,0
Release,LDPE,SanitaryNapkins,0,0,0,0
Incineration,HDPE,SanitaryNapkins,0,0,0,0
Landfill,HDPE,SanitaryNapkins,0.00249754347116426,0.003372248525412358,0.23354757037273732,0.31534203864566257
Sludge amended soil,HDPE,SanitaryNapkins,0.01188868549368441,0.015693480638432414,1.1117218354887204,1.4675117034455136
Sludge amended soil (MP),HDPE,SanitaryNapkins,0,0,0,0
Release,HDPE,SanitaryNapkins,0.013491359110820514,0.017732566405124092,1.2615893087496117,1.658188475277827
Incineration,PP,SanitaryNapkins,0,0,0,0
Landfill,PP,SanitaryNapkins,0.0025770776399039056,0.0038141298881477215,0.2409848831103212,0.3566627683351964
Sludge amended soil,PP,SanitaryNapkins,0.012259351649888117,0.01801118845439555,1.1463831661923747,1.6842426775012975
Sludge amended soil (MP),PP,SanitaryNapkins,0,0,0,0
Release,PP,SanitaryNapkins,0.013873266192392472,0.019774917553751756,1.2973017886479876,1.8491705959564344
Incineration,PS,SanitaryNapkins,0,0,0,0
Landfill,PS,SanitaryNapkins,0,0,0,0
Sludge amended soil,PS,SanitaryNapkins,0,0,0,0
Sludge amended soil (MP),PS,SanitaryNapkins,0,0,0,0
Release,PS,SanitaryNapkins,0,0,0,0
Incineration,EPS,SanitaryNapkins,0,0,0,0
Landfill,EPS,SanitaryNapkins,0,0,0,0
Sludge amended soil,EPS,SanitaryNapkins,0,0,0,0
Sludge amended soil (MP),EPS,SanitaryNapkins,0,0,0,0
Release,EPS,SanitaryNapkins,0,0,0,0
Incineration,PVC,SanitaryNapkins,0,0,0,0
Landfill,PVC,SanitaryNapkins,0,0,0,0
Sludge amended soil,PVC,SanitaryNapkins,0,0,0,0
Sludge amended soil (MP),PVC,SanitaryNapkins,0,0,0,0
Release,PVC,SanitaryNapkins,0,0,0,0
Incineration,PET,SanitaryNapkins,0,0,0,0
Landfill,PET,SanitaryNapkins,0.0014162070614789511,0.002339966481310668,0.13243081538794554,0.21881240217572479
Sludge amended soil,PET,SanitaryNapkins,0.006744181073690823,0.010665580313316742,0.6306545299810316,0.9973481533153258
Sludge amended soil (MP),PET,SanitaryNapkins,0,0,0,0
Release,PET,SanitaryNapkins,0.007644129321595276,0.011831222301064755,0.7148095123410818,1.10634839988004
Incineration,LDPE,Agrotextiles,0,0,0,0
Landfill,LDPE,Agrotextiles,0,0,0,0
Sludge amended soil,LDPE,Agrotextiles,0,0,0,0
Sludge amended soil (MP),LDPE,Agrotextiles,0,0,0,0
Release,LDPE,Agrotextiles,0,0,0,0
Incineration,HDPE,Agrotextiles,0,0,0,0
Landfill,HDPE,Agrotextiles,1.2119810772660564e-8,1.7717588927265686e-8,1.1333345713549108e-6,1.656787917648089e-6
Sludge amended soil,HDPE,Agrotextiles,5.754445500687477e-8,8.255244735394209e-8,5.381034528705912e-6,7.719554726648627e-6
Sludge amended soil (MP),HDPE,Agrotextiles,0,0,0,0
Release,HDPE,Agrotextiles,0.0031477598913134093,0.002728744379163887,0.2943499015015337,0.25516737837796594
Incineration,PP,Agrotextiles,0,0,0,0
Landfill,PP,Agrotextiles,1.0858018500013029e-7,1.5117653313039099e-7,1.0153432238591439e-5,1.413665564488361e-5
Sludge amended soil,PP,Agrotextiles,5.117090962743084e-7,6.812814446378877e-7,4.78503848090314e-5,6.370724993268501e-5
Sludge amended soil (MP),PP,Agrotextiles,0,0,0,0
Release,PP,Agrotextiles,0.02730100693599081,0.020989305262756594,2.55294208579185,1.9627290994231963
Incineration,PS,Agrotextiles,0,0,0,0
Landfill,PS,Agrotextiles,0,0,0,0
Sludge amended soil,PS,Agrotextiles,0,0,0,0
Sludge amended soil (MP),PS,Agrotextiles,0,0,0,0
Release,PS,Agrotextiles,0,0,0,0
Incineration,EPS,Agrotextiles,0,0,0,0
Landfill,EPS,Agrotextiles,0,0,0,0
Sludge amended soil,EPS,Agrotextiles,0,0,0,0
Sludge amended soil (MP),EPS,Agrotextiles,0,0,0,0
Release,EPS,Agrotextiles,0,0,0,0
Incineration,PVC,Agrotextiles,0,0,0,0
Landfill,PVC,Agrotextiles,0,0,0,0
Sludge amended soil,PVC,Agrotextiles,0,0,0,0
Sludge amended soil (MP),PVC,Agrotextiles,0,0,0,0
Release,PVC,Agrotextiles,0,0,0,0
Incineration,PET,Agrotextiles,0,0,0,0
Landfill,PET,Agrotextiles,1.846929112158302e-8,2.515443634705896e-8,1.7270802761810238e-6,2.3522143100927507e-6
Sludge amended soil,PET,Agrotextiles,8.82142995500457e-8,1.1902045224287054e-7,8.248999695065186e-6,1.1129711160954867e-5
Sludge amended soil (MP),PET,Agrotextiles,0,0,0,0
Release,PET,Agrotextiles,0.004723664178018519,0.0036044096083991373,0.4417141502320631,0.33705163349062844
Incineration,LDPE,MobilityTextiles,0,0,0,0
Landfill,LDPE,MobilityTextiles,0,0,0,0
Sludge amended soil,LDPE,MobilityTextiles,0,0,0,0
Sludge amended soil (MP),LDPE,MobilityTextiles,0,0,0,0
Release,LDPE,MobilityTextiles,0,0,0,0
Incineration,HDPE,MobilityTextiles,0,0,0,0
Landfill,HDPE,MobilityTextiles,0,0,0,0
Sludge amended soil,HDPE,MobilityTextiles,0,0,0,0
Sludge amended soil (MP),HDPE,MobilityTextiles,0,0,0,0
Release,HDPE,MobilityTextiles,0,0,0,0
Incineration,PP,MobilityTextiles,0,0,0,0
Landfill,PP,MobilityTextiles,0,0,0,0
Sludge amended soil,PP,MobilityTextiles,0,0,0,0
Sludge amended soil (MP),PP,MobilityTextiles,0,0,0,0
Release,PP,MobilityTextiles,0,0,0,0
Incineration,PS,MobilityTextiles,0,0,0,0
Landfill,PS,MobilityTextiles,0,0,0,0
Sludge amended soil,PS,MobilityTextiles,0,0,0,0
Sludge amended soil (MP),PS,MobilityTextiles,0,0,0,0
Release,PS,MobilityTextiles,0,0,0,0
Incineration,EPS,MobilityTextiles,0,0,0,0
Landfill,EPS,MobilityTextiles,0,0,0,0
Sludge amended soil,EPS,MobilityTextiles,0,0,0,0
Sludge amended soil (MP),EPS,MobilityTextiles,0,0,0,0
Release,EPS,MobilityTextiles,0,0,0,0
Incineration,PVC,MobilityTextiles,0,0,0,0
Landfill,PVC,MobilityTextiles,0,0,0,0
Sludge amended soil,PVC,MobilityTextiles,0,0,0,0
Sludge amended soil (MP),PVC,MobilityTextiles,0,0,0,0
Release,PVC,MobilityTextiles,0,0,0,0
Incineration,PET,MobilityTextiles,0,0,0,0
Landfill,PET,MobilityTextiles,0,0,0,0
Sludge amended soil,PET,MobilityTextiles,0,0,0,0
Sludge amended soil (MP),PET,MobilityTextiles,0,0,0,0
Release,PET,MobilityTextiles,0,0,0,0
Incineration,LDPE,Geotextiles,0,0,0,0
Landfill,LDPE,Geotextiles,0,0,0,0
Sludge amended soil,LDPE,Geotextiles,0,0,0,0
Sludge amended soil (MP),LDPE,Geotextiles,0,0,0,0
Release,LDPE,Geotextiles,0,0,0,0
Incineration,HDPE,Geotextiles,0,0,0,0
Landfill,HDPE,Geotextiles,0,0,0,0
Sludge amended soil,HDPE,Geotextiles,0,0,0,0
Sludge amended soil (MP),HDPE,Geotextiles,0,0,0,0
Release,HDPE,Geotextiles,5.859688765768433e-4,5.660713848405016e-4,0.05479448466807631,0.052933852048389435
Incineration,PP,Geotextiles,0,0,0,0
Landfill,PP,Geotextiles,0,0,0,0
Sludge amended soil,PP,Geotextiles,0,0,0,0
Sludge amended soil (MP),PP,Geotextiles,0,0,0,0
Release,PP,Geotextiles,0.010870727522514391,0.009107528704261666,1.01653165615723,0.8516533247722534
Incineration,PS,Geotextiles,0,0,0,0
Landfill,PS,Geotextiles,0,0,0,0
Sludge amended soil,PS,Geotextiles,0,0,0,0
Sludge amended soil (MP),PS,Geotextiles,0,0,0,0
Release,PS,Geotextiles,0,0,0,0
Incineration,EPS,Geotextiles,0,0,0,0
Landfill,EPS,Geotextiles,0,0,0,0
Sludge amended soil,EPS,Geotextiles,0,0,0,0
Sludge amended soil (MP),EPS,Geotextiles,0,0,0,0
Release,EPS,Geotextiles,0,0,0,0
Incineration,PVC,Geotextiles,0,0,0,0
Landfill,PVC,Geotextiles,0,0,0,0
Sludge amended soil,PVC,Geotextiles,0,0,0,0
Sludge amended soil (MP),PVC,Geotextiles,0,0,0,0
Release,PVC,Geotextiles,0,0,0,0
Incineration,PET,Geotextiles,0,0,0,0
Landfill,PET,Geotextiles,0,0,0,0
Sludge amended soil,PET,Geotextiles,0,0,0,0
Sludge amended soil (MP),PET,Geotextiles,0,0,0,0
Release,PET,Geotextiles,0.007090246686807486,0.00600735190823106,0.6630154414390699,0.5617529619563998
Incineration,LDPE,BuildingTextiles,0,0,0,0
Landfill,LDPE,BuildingTextiles,0,0,0,0
Sludge amended soil,LDPE,BuildingTextiles,0,0,0,0
Sludge amended soil (MP),LDPE,BuildingTextiles,0,0,0,0
Release,LDPE,BuildingTextiles,0,0,0,0
Incineration,HDPE,BuildingTextiles,0,0,0,0
Landfill,HDPE,BuildingTextiles,0,0,0,0
Sludge amended soil,HDPE,BuildingTextiles,0,0,0,0
Sludge amended soil (MP),HDPE,BuildingTextiles,0,0,0,0
Release,HDPE,BuildingTextiles,0.0033725552491141357,0.0029730753144032755,0.3153707206590701,0.27801498721876716
Incineration,PP,BuildingTextiles,0,0,0,0
Landfill,PP,BuildingTextiles,0,0,0,0
Sludge amended soil,PP,BuildingTextiles,0,0,0,0
Sludge amended soil (MP),PP,BuildingTextiles,0,0,0,0
Release,PP,BuildingTextiles,0.06284233021722939,0.04946951487657479,5.876443676855589,4.625939504290682
Incineration,PS,BuildingTextiles,0,0,0,0
Landfill,PS,BuildingTextiles,0,0,0,0
Sludge amended soil,PS,BuildingTextiles,0,0,0,0
Sludge amended soil (MP),PS,BuildingTextiles,0,0,0,0
Release,PS,BuildingTextiles,0,0,0,0
Incineration,EPS,BuildingTextiles,0,0,0,0
Landfill,EPS,BuildingTextiles,0,0,0,0
Sludge amended soil,EPS,BuildingTextiles,0,0,0,0
Sludge amended soil (MP),EPS,BuildingTextiles,0,0,0,0
Release,EPS,BuildingTextiles,0,0,0,0
Incineration,PVC,BuildingTextiles,0,0,0,0
Landfill,PVC,BuildingTextiles,0,0,0,0
Sludge amended soil,PVC,BuildingTextiles,0,0,0,0
Sludge amended soil (MP),PVC,BuildingTextiles,0,0,0,0
Release,PVC,BuildingTextiles,0,0,0,0
Incineration,PET,BuildingTextiles,0,0,0,0
Landfill,PET,BuildingTextiles,0,0,0,0
Sludge amended soil,PET,BuildingTextiles,0,0,0,0
Sludge amended soil (MP),PET,BuildingTextiles,0,0,0,0
Release,PET,BuildingTextiles,0.08880500639760745,0.06898396263431589,8.30423723172607,6.450753331799993
Incineration,LDPE,TechnicalHouseholdTextiles,0,0,0,0
Landfill,LDPE,TechnicalHouseholdTextiles,0,0,0,0
Sludge amended soil,LDPE,TechnicalHouseholdTextiles,0,0,0,0
Sludge amended soil (MP),LDPE,TechnicalHouseholdTextiles,0,0,0,0
Release,LDPE,TechnicalHouseholdTextiles,0,0,0,0
Incineration,HDPE,TechnicalHouseholdTextiles,0,0,0,0
Landfill,HDPE,TechnicalHouseholdTextiles,7.369797063347372e-7,5.123717774931458e-7,6.89156452393021e-5,4.791235273486653e-5
Sludge amended soil,HDPE,TechnicalHouseholdTextiles,3.480817755387246e-9,4.968493830545885e-9,3.2549444646984104e-7,4.646083945818174e-7
Sludge amended soil (MP),HDPE,TechnicalHouseholdTextiles,3.485844112903168e-6,2.3271995687047844e-6,3.2596446575047496e-4,2.176185565211083e-4
Release,HDPE,TechnicalHouseholdTextiles,2.154159540604357e-5,1.882399468820272e-5,0.0020143742549909413,0.001760248930558022
Incineration,PP,TechnicalHouseholdTextiles,0,0,0,0
Landfill,PP,TechnicalHouseholdTextiles,2.9408027007538235e-5,1.6694440988202375e-5,0.002749971456498698,0.0015611124196801922
Sludge amended soil,PP,TechnicalHouseholdTextiles,1.4260108355742503e-7,1.9077448924450417e-7,1.3334757525494116e-5,1.7839496676061475e-5
Sludge amended soil (MP),PP,TechnicalHouseholdTextiles,1.3900909369925967e-4,7.503903822953512e-5,0.012998867274187711,0.00701696897930081
Release,PP,TechnicalHouseholdTextiles,8.619740200186243e-4,6.478876088890353e-4,0.08060397763804565,0.06058456186154
Incineration,PS,TechnicalHouseholdTextiles,0,0,0,0
Landfill,PS,TechnicalHouseholdTextiles,0,0,0,0
Sludge amended soil,PS,TechnicalHouseholdTextiles,0,0,0,0
Sludge amended soil (MP),PS,TechnicalHouseholdTextiles,0,0,0,0
Release,PS,TechnicalHouseholdTextiles,0,0,0,0
Incineration,EPS,TechnicalHouseholdTextiles,0,0,0,0
Landfill,EPS,TechnicalHouseholdTextiles,0,0,0,0
Sludge amended soil,EPS,TechnicalHouseholdTextiles,0,0,0,0
Sludge amended soil (MP),EPS,TechnicalHouseholdTextiles,0,0,0,0
Release,EPS,TechnicalHouseholdTextiles,0,0,0,0
Incineration,PVC,TechnicalHouseholdTextiles,0,0,0,0
Landfill,PVC,TechnicalHouseholdTextiles,0,0,0,0
Sludge amended soil,PVC,TechnicalHouseholdTextiles,0,0,0,0
Sludge amended soil (MP),PVC,TechnicalHouseholdTextiles,0,0,0,0
Release,PVC,TechnicalHouseholdTextiles,0,0,0,0
Incineration,PET,TechnicalHouseholdTextiles,0,0,0,0
Landfill,PET,TechnicalHouseholdTextiles,1.3102121534447206e-4,7.343011397013036e-5,0.012251913475892471,0.006866517002774222
Sludge amended soil,PET,TechnicalHouseholdTextiles,6.349791496823147e-7,8.3757054750251e-7,5.937748005504003e-5,7.83219866414527e-5
Sludge amended soil (MP),PET,TechnicalHouseholdTextiles,6.25008226156704e-4,3.297773131288362e-4,0.05844508989220005,0.030837777654130646
Release,PET,TechnicalHouseholdTextiles,0.003871416584274607,0.0028762012895072898,0.3620196995956875,0.26895620869983355
Incineration,LDPE,TechnicalClothing,0,0,0,0
Landfill,LDPE,TechnicalClothing,0,0,0,0
Sludge amended soil,LDPE,TechnicalClothing,0,0,0,0
Sludge amended soil (MP),LDPE,TechnicalClothing,0,0,0,0
Release,LDPE,TechnicalClothing,0,0,0,0
Incineration,HDPE,TechnicalClothing,0,0,0,0
Landfill,HDPE,TechnicalClothing,5.7383611374931444e-5,4.573070454428485e-5,0.005365993893824478,0.00427631993639433
Sludge amended soil,HDPE,TechnicalClothing,2.6588451010957024e-8,4.201466323737855e-8,2.486310330642154e-6,3.928829520850882e-6
Sludge amended soil (MP),HDPE,TechnicalClothing,2.715903839208512e-4,2.0909552479006738e-4,0.025396664776267303,0.019552713437964005
Release,HDPE,TechnicalClothing,7.441678061573009e-4,5.909065338825394e-4,0.06958781101681064,0.05525620951106411
Incineration,PP,TechnicalClothing,0,0,0,0
Landfill,PP,TechnicalClothing,0.001048784228311941,7.184712464817845e-4,0.09807277078277153,0.06718490225928767
Sludge amended soil,PP,TechnicalClothing,4.976822482245202e-7,7.319145167711142e-7,4.6538721440670286e-5,6.844199473843213e-5
Sludge amended soil (MP),PP,TechnicalClothing,0.00496260944533886,0.00328198192755812,0.46405814034836557,0.30690112666231967
Release,PP,TechnicalClothing,0.013665695728579404,0.009569532540861438,1.277891685054441,0.8948557253656897
Incineration,PS,TechnicalClothing,0,0,0,0
Landfill,PS,TechnicalClothing,0,0,0,0
Sludge amended soil,PS,TechnicalClothing,0,0,0,0
Sludge amended soil (MP),PS,TechnicalClothing,0,0,0,0
Release,PS,TechnicalClothing,0,0,0,0
Incineration,EPS,TechnicalClothing,0,0,0,0
Landfill,EPS,TechnicalClothing,0,0,0,0
Sludge amended soil,EPS,TechnicalClothing,0,0,0,0
Sludge amended soil (MP),EPS,TechnicalClothing,0,0,0,0
Release,EPS,TechnicalClothing,0,0,0,0
Incineration,PVC,TechnicalClothing,0,0,0,0
Landfill,PVC,TechnicalClothing,0,0,0,0
Sludge amended soil,PVC,TechnicalClothing,0,0,0,0
Sludge amended soil (MP),PVC,TechnicalClothing,0,0,0,0
Release,PVC,TechnicalClothing,0,0,0,0
Incineration,PET,TechnicalClothing,0,0,0,0
Landfill,PET,TechnicalClothing,0.0023714639842370927,0.001690449180449318,0.2217577624331963,0.15807544632986198
Sludge amended soil,PET,TechnicalClothing,1.1365584137040356e-6,1.7604399029031574e-6,1.0628061500108011e-4,1.6462034269160852e-4
Sludge amended soil (MP),PET,TechnicalClothing,0.011319827933809043,0.007763082211956681,1.0585274456689011,0.7259329057288133
Release,PET,TechnicalClothing,0.031003712540554267,0.021960899656723713,2.8991854676330457,2.0535837783181403
Incineration,LDPE,OtherTechnicalTextiles,0,0,0,0
Landfill,LDPE,OtherTechnicalTextiles,0,0,0,0
Sludge amended soil,LDPE,OtherTechnicalTextiles,0,0,0,0
Sludge amended soil (MP),LDPE,OtherTechnicalTextiles,0,0,0,0
Release,LDPE,OtherTechnicalTextiles,0,0,0,0
Incineration,HDPE,OtherTechnicalTextiles,0,0,0,0
Landfill,HDPE,OtherTechnicalTextiles,1.4881639903243921e-12,6.704943258056575e-11,1.3915957350461716e-10,6.269853660149525e-9
Sludge amended soil,HDPE,OtherTechnicalTextiles,9.001676223454525e-12,4.64587704502519e-10,8.417549626432809e-10,4.3444020440224974e-8
Sludge amended soil (MP),HDPE,OtherTechnicalTextiles,0,0,0,0
Release,HDPE,OtherTechnicalTextiles,9.417683053937647e-9,3.71290567361364e-7,8.806561411971443e-7,3.471971996112602e-5
Incineration,PP,OtherTechnicalTextiles,0,0,0,0
Landfill,PP,OtherTechnicalTextiles,6.1448786576948005e-9,2.977206766052835e-8,5.746132138676685e-7,2.7840132303474286e-6
Sludge amended soil,PP,OtherTechnicalTextiles,2.9100529401163922e-8,1.3397699808782178e-7,2.721217074565688e-6,1.2528311419003025e-5
Sludge amended soil (MP),PP,OtherTechnicalTextiles,0,0,0,0
Release,PP,OtherTechnicalTextiles,3.806026492578301e-5,1.4026241311505016e-4,0.003559050124166877,0.013116066317102628
Incineration,PS,OtherTechnicalTextiles,0,0,0,0
Landfill,PS,OtherTechnicalTextiles,0,0,0,0
Sludge amended soil,PS,OtherTechnicalTextiles,0,0,0,0
Sludge amended soil (MP),PS,OtherTechnicalTextiles,0,0,0,0
Release,PS,OtherTechnicalTextiles,0,0,0,0
Incineration,EPS,OtherTechnicalTextiles,0,0,0,0
Landfill,EPS,OtherTechnicalTextiles,0,0,0,0
Sludge amended soil,EPS,OtherTechnicalTextiles,0,0,0,0
Sludge amended soil (MP),EPS,OtherTechnicalTextiles,0,0,0,0
Release,EPS,OtherTechnicalTextiles,0,0,0,0
Incineration,PVC,OtherTechnicalTextiles,0,0,0,0
Landfill,PVC,OtherTechnicalTextiles,0,0,0,0
Sludge amended soil,PVC,OtherTechnicalTextiles,0,0,0,0
Sludge amended soil (MP),PVC,OtherTechnicalTextiles,0,0,0,0
Release,PVC,OtherTechnicalTextiles,0,0,0,0
Incineration,PET,OtherTechnicalTextiles,0,0,0,0
Landfill,PET,OtherTechnicalTextiles,1.1207283861993563e-7,2.214120186064844e-7,1.0480033467549762e-5,2.07044400203222e-5
Sludge amended soil,PET,OtherTechnicalTextiles,5.397366922169989e-7,1.066093931202783e-6,5.047127089625244e-5,9.969141690473296e-5
Sludge amended soil (MP),PET,OtherTechnicalTextiles,0,0,0,0
Release,PET,OtherTechnicalTextiles,6.510893445446388e-4,8.584650780473719e-4,0.06088395908604292,0.08027585327047142
Incineration,LDPE,Post-consumer processes,28.258794461451284,9.72131686038015,2642.5056718063647,909.0492156706849
Landfill,LDPE,Post-consumer processes,39.44543726566114,13.272944408512188,3688.5788544016514,1241.1651505130326
Sludge amended soil,LDPE,Post-consumer processes,0,0,0,0
Sludge amended soil (MP),LDPE,Post-consumer processes,0.003183266702699224,0.002651123310752184,0.29767017585374517,0.24790896139880578
Release,LDPE,Post-consumer processes,0.11418231069918272,0.07836326928606856,10.677292127735413,7.327820860589214
Incineration,HDPE,Post-consumer processes,38.74238047720348,12.892309473028236,3622.8353721863837,1205.5716301568802
Landfill,HDPE,Post-consumer processes,58.00238045118761,17.000601083799506,5423.8555551128175,1589.7417297592126
Sludge amended soil,HDPE,Post-consumer processes,0,0,0,0
Sludge amended soil (MP),HDPE,Post-consumer processes,0.008255350470201692,0.006675772611025222,0.7719653600232517,0.6242575921767668
Release,HDPE,Post-consumer processes,0.304793454848574,0.26732354905393624,28.501514254810505,24.997669152024923
Incineration,PP,Post-consumer processes,56.056712057279086,17.694225806915746,5241.914327104268,1654.6032109324492
Landfill,PP,Post-consumer processes,83.68353828579146,23.239153707691592,7825.324072429387,2173.1144817350832
Sludge amended soil,PP,Post-consumer processes,0,0,0,0
Sludge amended soil (MP),PP,Post-consumer processes,0.03204966575470009,0.02703356340249208,2.996993507696284,2.5279331967848404
Release,PP,Post-consumer processes,0.2314046235904189,0.1391407448099495,21.638857636126307,13.011178089752477
Incineration,PS,Post-consumer processes,12.73273313127335,5.124700548201653,1190.6495007380674,479.21542737448317
Landfill,PS,Post-consumer processes,21.696770767771117,6.9915729712901715,2028.8848447490784,653.788372206927
Sludge amended soil,PS,Post-consumer processes,0,0,0,0
Sludge amended soil (MP),PS,Post-consumer processes,0.0014026966455159254,0.0011758571786662602,0.13116744405554637,0.10995547839446813
Release,PS,Post-consumer processes,0.006193826632415289,0.0028757682365973636,0.5791903836757708,0.2689157135268271
Incineration,EPS,Post-consumer processes,31.58204346477161,12.294482900975005,2953.265720402146,1149.668321558128
Landfill,EPS,Post-consumer processes,3.969741647481897,1.3815707953398007,371.21416603198287,129.19194651660166
Sludge amended soil,EPS,Post-consumer processes,0,0,0,0
Sludge amended soil (MP),EPS,Post-consumer processes,1.321798933247916e-5,7.63355129893413e-6,0.0012360262511764057,7.138203517837655e-4
Release,EPS,Post-consumer processes,0.3019483783845813,0.28601882589528443,28.235468556963088,26.745881559197638
Incineration,PVC,Post-consumer processes,65.15752818493783,23.458040577011356,6092.939952709458,2193.5827927400146
Landfill,PVC,Post-consumer processes,16.64904256210508,5.857625364906757,1556.867171404763,547.7518961821979
Sludge amended soil,PVC,Post-consumer processes,0,0,0,0
Sludge amended soil (MP),PVC,Post-consumer processes,0.009962569789961746,0.008516877823078601,0.9316089973920504,0.7964210215785409
Release,PVC,Post-consumer processes,0.5791228203361036,0.5403630928992937,54.15430369820733,50.5298461959895
Incineration,PET,Post-consumer processes,30.927219042972443,12.07142878549462,2892.032490831717,1128.8103275598094
Landfill,PET,Post-consumer processes,50.722395718868015,16.425289741697235,4743.0975357974285,1535.9438408707244
Sludge amended soil,PET,Post-consumer processes,0,0,0,0
Sludge amended soil (MP),PET,Post-consumer processes,5.717589271831289e-4,3.079031616295188e-4,0.05346569932586383,0.028792305775217047
Release,PET,Post-consumer processes,0.04651992916533819,0.03446293460174155,4.350121051311232,3.222660481020282
